Run Date,Event,Gender,Rk,Bib Number,Run,Country Code,Name,Start Time (Rk),Interval 1 Time (Rk),Interval 2 Time (Rk),Interval 3 Time (Rk),Sp (km/h),Speed (mph),Finish Time (Rk),Time Behind,Total Run Time,Medal
2/10/2018,Olympic Games - Pyeongchang,M,1,11,1,AUT,GLEIRSCHER David,2.599 14,15.059 10,27.397 5,37.147 3,121.5,75.5,47.652 1,0,3:10.702,1
2/10/2018,Olympic Games - Pyeongchang,M,1,11,2,AUT,GLEIRSCHER David,2.596 13,15.053 10,27.457 11,37.264 11,121,75.2,47.835 7,+0.210,3:10.702,1
2/11/2018,Olympic Games - Pyeongchang,M,1,11,3,AUT,GLEIRSCHER David,2.589 9,15.045 6,27.360 6,37.093 6,120.9,75.1,47.584 4,+0.050,3:10.702,1
2/11/2018,Olympic Games - Pyeongchang,M,1,11,4,AUT,GLEIRSCHER David,2.595 8,15.047 5,27.365 2,37.119 5,121.6,75.6,47.631 4,+0.156,3:10.702,1
2/10/2018,Olympic Games - Pyeongchang,M,2,13,1,USA,MAZDZER Chris,2.581  7,15.033  5,27.413 8,37.180 4,124.7,77.5,47.800 5,+0.148,3:10.728,2
2/10/2018,Olympic Games - Pyeongchang,M,2,13,2,USA,MAZDZER Chris,2.577  3,15.020 5,27.384 3,37.155 3,123,76.4,47.717 2,+0.092,3:10.728,2
2/11/2018,Olympic Games - Pyeongchang,M,2,13,3,USA,MAZDZER Chris,2.584 6,15.016 4,27.322 4,37.036 2,124.8,77.5,47.534 1,0,3:10.728,2
2/11/2018,Olympic Games - Pyeongchang,M,2,13,4,USA,MAZDZER Chris,2.585 4,15.046 4,27.388 5,37.137 7,124.4,77.3,47.677 7,+0.202,3:10.728,2
2/10/2018,Olympic Games - Pyeongchang,M,3,3,1,GER,LUDWIG Johannes,2.570  2,14.934 1,27.308 1,37.120 2,123.7,76.8,47.764 3,+0.112,3:10.932,3
2/10/2018,Olympic Games - Pyeongchang,M,3,3,2,GER,LUDWIG Johannes,2.594 10,15.008 3,27.432 9,37.275 13,123.3,76.6,47.940 14,+0.315,3:10.932,3
2/11/2018,Olympic Games - Pyeongchang,M,3,3,3,GER,LUDWIG Johannes,2.592 10,14.989 3,27.318 3,37.058 4,123.9,77,47.625 6,+0.091,3:10.932,3
2/11/2018,Olympic Games - Pyeongchang,M,3,3,4,GER,LUDWIG Johannes,2.598 9,15.006 1,27.349 1,37.084 3,124.8,77.5,47.603 3,+0.128,3:10.932,3
2/10/2018,Olympic Games - Pyeongchang,M,4,4,1,ITA,FISCHNALLER Dominik,2.617 19,15.040 8,27.511 17,37.320 11,122.4,76.1,47.930 10,+0.278,3:10.934,0
2/10/2018,Olympic Games - Pyeongchang,M,4,4,2,ITA,FISCHNALLER Dominik,2.624 20,15.051 8,27.405 5,37.263 10,125.4,77.9,47.967 16,+0.342,3:10.934,0
2/11/2018,Olympic Games - Pyeongchang,M,4,4,3,ITA,FISCHNALLER Dominik,2.597 12,15.055 7,27.356 5,37.066 5,125.7,78.1,47.562 3,+0.028,3:10.934,0
2/11/2018,Olympic Games - Pyeongchang,M,4,4,4,ITA,FISCHNALLER Dominik,2.607 11,15.070 8,27.380 4,37.038 1,120.5,74.9,47.475 1,0.000 TR,3:10.934,0
2/10/2018,Olympic Games - Pyeongchang,M,5,5,1,GER,LOCH Felix,2.592 11,15.009 4,27.339 2,37.107 1,124.7,77.5,47.674 2,+0.022,3:10.968,0
2/10/2018,Olympic Games - Pyeongchang,M,5,5,2,GER,LOCH Felix,2.593  8,15.041  6,27.373 2,37.120 1,124.2,77.1,47.625 1,0,3:10.968,0
2/11/2018,Olympic Games - Pyeongchang,M,5,5,3,GER,LOCH Felix,2.569 3,14.987 2,27.278 1,36.997 1,124.4,77.3,47.560 2,+0.026,3:10.968,0
2/11/2018,Olympic Games - Pyeongchang,M,5,5,4,GER,LOCH Felix,2.607 11,15.041 3,27.376 3,37.296 17,125.4,77.9,48.109 19,+0.634,3:10.968,0
2/10/2018,Olympic Games - Pyeongchang,M,6,19,1,CAN,EDNEY Sam,2.589 10,15.076 14,27.433 9,37.234 7,123.6,76.8,47.862 9,+0.210,3:11.021,0
2/10/2018,Olympic Games - Pyeongchang,M,6,19,2,CAN,EDNEY Sam,2.593  8,15.080 14,27.419  7,37.170 4,126.2,78.4,47.755 4,+0.130,3:11.021,0
2/11/2018,Olympic Games - Pyeongchang,M,6,19,3,CAN,EDNEY Sam,2.594 11,15.098 13,27.428 9,37.184 8,120.7,75,47.759 10,+0.225,3:11.021,0
2/11/2018,Olympic Games - Pyeongchang,M,6,19,4,CAN,EDNEY Sam,2.599 10,15.091 10,27.404 7,37.130 6,119.6,74.3,47.645 6,+0.170,3:11.021,0
2/10/2018,Olympic Games - Pyeongchang,M,7,14,1,ITA,FISCHNALLER Kevin,2.618 22,15.114 18,27.508 14,37.274  8,124.2,77.1,47.853 8,+0.201,3:11.054,0
2/10/2018,Olympic Games - Pyeongchang,M,7,14,2,ITA,FISCHNALLER Kevin,2.626 23,15.129 18,27.502 16,37.248 7,124,77,47.793 5,+0.168,3:11.054,0
2/11/2018,Olympic Games - Pyeongchang,M,7,14,3,ITA,FISCHNALLER Kevin,2.612 19,15.102 14,27.423 8,37.116 7,120.9,75.1,47.596 5,+0.062,3:11.054,0
2/11/2018,Olympic Games - Pyeongchang,M,7,14,4,ITA,FISCHNALLER Kevin,2.627 15,15.151 17,27.503 16,37.257 11,123.7,76.8,47.812 8,+0.337,3:11.054,0
2/10/2018,Olympic Games - Pyeongchang,M,8,6,1,OAR,REPILOV Roman,2.570  2,15.036 7,27.409 6,37.191 5,121.4,75.4,47.776 4,+0.124,3:11.108,0
2/10/2018,Olympic Games - Pyeongchang,M,8,6,2,OAR,REPILOV Roman,2.573  1,15.041  6,27.411 6,37.153 2,121.5,75.5,47.740 3,+0.115,3:11.108,0
2/11/2018,Olympic Games - Pyeongchang,M,8,6,3,OAR,REPILOV Roman,2.565 2,15.036 5,27.376 7,37.233 13,126.6,78.6,47.948 15,+0.414,3:11.108,0
2/11/2018,Olympic Games - Pyeongchang,M,8,6,4,OAR,REPILOV Roman,2.573  1,15.062 7,27.406 8,37.114 4,121.8,75.7,47.644 5,+0.169,3:11.108,0
2/10/2018,Olympic Games - Pyeongchang,M,14,1,1,OAR,PAVLICHENKO Semen,2.573 5,15.033  5,27.386 4,37.399 19,125.1,77.7,48.337 24,+0.685,3:11.859,0
2/10/2018,Olympic Games - Pyeongchang,M,14,1,2,OAR,PAVLICHENKO Semen,2.581 6,15.065 11,27.483 12,37.283 14,125.4,77.9,47.923 12,+0.298,3:11.859,0
2/11/2018,Olympic Games - Pyeongchang,M,14,1,3,OAR,PAVLICHENKO Semen,2.583 5,15.081 10,27.461 13,37.186 9,125.6,78.1,47.716 8,+0.182,3:11.859,0
2/11/2018,Olympic Games - Pyeongchang,M,14,1,4,OAR,PAVLICHENKO Semen,2.589 5,15.100 11,27.498 15,37.28 15,124.5,77.4,47.883 15,+0.408,3:11.859,0
2/10/2018,Olympic Games - Pyeongchang,M,15,7,1,AUT,EGGER Reinhard,2.613 17,15.059 10,27.442 11,37.313 10,123.1,76.5,48.221 20,+0.569,3:11.927,0
2/10/2018,Olympic Games - Pyeongchang,M,15,7,2,AUT,EGGER Reinhard,2.599 14,15.066 12,27.438 10,37.245 6,123,76.4,47.903 11,+0.278,3:11.927,0
2/11/2018,Olympic Games - Pyeongchang,M,15,7,3,AUT,EGGER Reinhard,2.612 19,15.133 17,27.519 16,37.311 16,123.8,76.9,47.963 17,+0.429,3:11.927,0
2/11/2018,Olympic Games - Pyeongchang,M,15,7,4,AUT,EGGER Reinhard,2.618 14,15.103 12,27.456 11,37.216 8,126.4,78.5,47.840 10,+0.365,3:11.927,0
2/10/2018,Olympic Games - Pyeongchang,M,16,25,1,CAN,MALYK Mitchel,2.621 24,15.146 19,27.573 20,37.397 18,124.6,77.4,48.075 17,+0.423,3:11.946,0
2/10/2018,Olympic Games - Pyeongchang,M,16,25,2,CAN,MALYK Mitchel,2.630 25,15.158 24,27.544 21,37.367 18,125.2,77.8,48.050 18,+0.425,3:11.946,0
2/11/2018,Olympic Games - Pyeongchang,M,16,25,3,CAN,MALYK Mitchel,2.651 29,15.224 30,27.612 26,37.362 19,124.1,77.1,47.952 16,+0.418,3:11.946,0
2/11/2018,Olympic Games - Pyeongchang,M,16,25,4,CAN,MALYK Mitchel,2.657 19,15.133 14,27.494 14,37.268 12,126.3,78.5,47.869 12,+0.394,3:11.946,0
2/10/2018,Olympic Games - Pyeongchang,M,17,20,1,ITA,RIEDER Emanuel,2.596 12,15.080 15,27.510 15,37.35 14,124.4,77.3,48.040 14,+0.388,3:12.141,0
2/10/2018,Olympic Games - Pyeongchang,M,17,20,2,ITA,RIEDER Emanuel,2.577  3,15.052 9,27.519 18,37.365 17,124.7,77.5,48.047 17,+0.422,3:12.141,0
2/11/2018,Olympic Games - Pyeongchang,M,17,20,3,ITA,RIEDER Emanuel,2.625 24,15.104 15,27.487 15,37.303 15,125.9,78.2,47.972 18,+0.438,3:12.141,0
2/11/2018,Olympic Games - Pyeongchang,M,17,20,4,ITA,RIEDER Emanuel,2.594 7,15.089 9,27.470 13,37.297 18,125.1,77.7,48.082 18,+0.607,3:12.141,0
2/10/2018,Olympic Games - Pyeongchang,M,12,24,1,CAN,WATTS Reid,2.617 19,15.148 23,27.575 22,37.356 15,124.3,77.2,47.960 12,+0.308,3:11.490,0
2/10/2018,Olympic Games - Pyeongchang,M,12,24,2,CAN,WATTS Reid,2.633 26,15.138 20,27.542 20,37.319 16,124.3,77.2,47.895 10,+0.270,3:11.490,0
2/11/2018,Olympic Games - Pyeongchang,M,12,24,3,CAN,WATTS Reid,2.627 25,15.163 24,27.532 17,37.263 14,124.6,77.4,47.787 11,+0.253,3:11.490,0
2/11/2018,Olympic Games - Pyeongchang,M,12,24,4,CAN,WATTS Reid,2.631 17,15.160 18,27.522 17,37.271 13,123.8,76.9,47.848 11,+0.373,3:11.490,0
2/10/2018,Olympic Games - Pyeongchang,M,13,22,1,OAR,FEDOROV Stepan,2.572 4,15.051 9,27.463 12,37.320 11,123.7,76.8,48.035 13,+0.383,3:11.608,0
2/10/2018,Olympic Games - Pyeongchang,M,13,22,2,OAR,FEDOROV Stepan,2.595 11,15.019 4,27.402 4,37.254 8,131.2,81.5,47.936 13,+0.311,3:11.608,0
2/11/2018,Olympic Games - Pyeongchang,M,13,22,3,OAR,FEDOROV Stepan,2.586  7,15.056 8,27.438 11,37.187 10,120.7,75,47.755 9,+0.221,3:11.608,0
2/11/2018,Olympic Games - Pyeongchang,M,13,22,4,OAR,FEDOROV Stepan,2.573  1,15.050 6,27.441 10,37.236 10,124,77,47.882 14,+0.407,3:11.608,0
2/10/2018,Olympic Games - Pyeongchang,M,9,2,1,AUT,KINDL Wolfgang,2.641 28,15.097 16,27.593 23,37.382 16,124.6,77.4,47.955 11,+0.303,3:11.133,0
2/10/2018,Olympic Games - Pyeongchang,M,9,2,2,AUT,KINDL Wolfgang,2.625 21,15.148 22,27.551 22,37.317 15,123.1,76.5,47.858 9,+0.233,3:11.133,0
2/11/2018,Olympic Games - Pyeongchang,M,9,2,3,AUT,KINDL Wolfgang,2.620 21,15.131 16,27.475 14,37.22 12,123,76.4,47.799 12,+0.265,3:11.133,0
2/11/2018,Olympic Games - Pyeongchang,M,9,2,4,AUT,KINDL Wolfgang,2.630 16,15.134 16,27.409 9,37.072 2,124.2,77.1,47.521 2,+0.046,3:11.133,0
2/10/2018,Olympic Games - Pyeongchang,M,10,10,1,GER,LANGENHAN Andi,2.581  7,14.993 3,27.434 10,37.333 13,130.9,81.3,48.083 18,+0.431,3:11.433,0
2/10/2018,Olympic Games - Pyeongchang,M,10,10,2,GER,LANGENHAN Andi,2.573  1,14.964 1,27.358 1,37.175 5,131.5,81.7,47.850 8,+0.225,3:11.433,0
2/11/2018,Olympic Games - Pyeongchang,M,10,10,3,GER,LANGENHAN Andi,2.580 4,14.972 1,27.293 2,37.043 3,126.4,78.5,47.630 7,+0.096,3:11.433,0
2/11/2018,Olympic Games - Pyeongchang,M,10,10,4,GER,LANGENHAN Andi,2.582 3,15.029 2,27.389 6,37.226 9,124.5,77.4,47.870 13,+0.395,3:11.433,0
2/10/2018,Olympic Games - Pyeongchang,M,11,8,1,LAT,APARJODS Kristers,2.617 19,15.071 13,27.412 7,37.192 6,122,75.8,47.822 6,+0.170,3:11.456,0
2/10/2018,Olympic Games - Pyeongchang,M,11,8,2,LAT,APARJODS Kristers,2.610 17,15.096 11,27.437 10,37.203 11,121.5,75.5,47.858 13,+0.324,3:11.456,0
2/11/2018,Olympic Games - Pyeongchang,M,11,8,3,LAT,APARJODS Kristers,2.615 13,15.133 14,27.457 12,37.274 14,121.6,75.6,47.942 17,+0.467,3:11.456,0
2/10/2018,Olympic Games - Pyeongchang,M,18,23,1,USA,MORRIS Taylor,2.648 30,15.180 27,27.555 19,37.4 20,128.6,79.9,48.072 15,+0.420,3:12.547,0
2/10/2018,Olympic Games - Pyeongchang,M,18,23,2,USA,MORRIS Taylor,2.650 29,15.156 23,27.496 14,37.694 29,125.3,77.8,48.793 32,+1.168,3:12.547,0
2/11/2018,Olympic Games - Pyeongchang,M,18,23,3,USA,MORRIS Taylor,2.655 31,15.216 28,27.586 22,37.338 17,125.9,78.2,47.858 13,+0.324,3:12.547,0
2/11/2018,Olympic Games - Pyeongchang,M,18,23,4,USA,MORRIS Taylor,2.661 20,15.207 20,27.562 19,37.309 19,126.2,78.4,47.824 9,+0.349,3:12.547,0
2/10/2018,Olympic Games - Pyeongchang,M,19,26,1,POL,KUROWSKI Maciej,2.630 25,15.147 21,27.533 18,37.382 16,120.8,75.1,48.103 19,+0.451,3:12.613,0
2/10/2018,Olympic Games - Pyeongchang,M,19,26,2,POL,KUROWSKI Maciej,2.651 30,15.204 31,27.798 33,37.702 30,123.3,76.6,48.467 24,+0.842,3:12.613,0
2/11/2018,Olympic Games - Pyeongchang,M,19,26,3,POL,KUROWSKI Maciej,2.642 27,15.173 25,27.550 18,37.403 21,123.8,76.9,48.158 22,+0.624,3:12.613,0
2/11/2018,Olympic Games - Pyeongchang,M,19,26,4,POL,KUROWSKI Maciej,2.637 18,15.173 19,27.530 18,37.291 16,121.5,75.5,47.885 16,+0.410,3:12.613,0
2/10/2018,Olympic Games - Pyeongchang,M,20,17,1,LAT,KIVLENIEKS Inars,2.577 6,15.060 12,27.488 13,37.433 22,125.8,78.2,48.274 21,+0.622,3:12.822,0
2/10/2018,Olympic Games - Pyeongchang,M,20,17,2,LAT,KIVLENIEKS Inars,2.599 14,15.078 13,27.486 13,37.486 20,122.6,76.2,48.370 22,+0.745,3:12.822,0
2/11/2018,Olympic Games - Pyeongchang,M,20,17,3,LAT,KIVLENIEKS Inars,2.586  7,15.096 11,27.550 18,37.379 20,125.6,78,48.066 20,+0.532,3:12.822,0
2/11/2018,Olympic Games - Pyeongchang,M,20,17,4,LAT,KIVLENIEKS Inars,2.590 6,15.132 13,27.579 20,37.429 20,121.2,75.3,48.112 20,+0.637,3:12.822,0
2/10/2018,Olympic Games - Pyeongchang,M,21,16,1,CZE,HYMAN Ondrej,2.638 27,15.191 29,27.723 28,37.608 25,119.7,74.4,48.324 23,+0.672,2:24.913,0
2/10/2018,Olympic Games - Pyeongchang,M,21,16,2,CZE,HYMAN Ondrej,2.652 31,15.170 27,27.679 30,37.562 22,122.4,76.1,48.276 20,+0.651,2:24.913,0
2/11/2018,Olympic Games - Pyeongchang,M,21,16,3,CZE,HYMAN Ondrej,2.645 28,15.196 27,27.703 30,37.565 26,122.7,76.2,48.313 25,+0.779,2:24.913,0
2/10/2018,Olympic Games - Pyeongchang,M,22,31,1,GBR,ROSEN Adam,2.713 38,15.289 33,27.772 29,37.689 26,119,73.9,48.477 25,+0.825,2:25.167,0
2/10/2018,Olympic Games - Pyeongchang,M,22,31,2,GBR,ROSEN Adam,2.709 37,15.277 34,27.743 32,37.648 26,118.8,73.8,48.410 23,+0.785,2:25.167,0
2/11/2018,Olympic Games - Pyeongchang,M,22,31,3,GBR,ROSEN Adam,2.691 36,15.288 34,27.695 29,37.537 25,118.8,73.8,48.280 23,+0.746,2:25.167,0
2/10/2018,Olympic Games - Pyeongchang,M,23,35,1,UKR,DUKACH Anton,2.597 13,15.104 17,27.573 20,37.719 27,123.5,76.7,48.888 27,+1.236,2:25.498,0
2/10/2018,Olympic Games - Pyeongchang,M,23,35,2,UKR,DUKACH Anton,2.604 16,15.125 16,27.575 23,37.451 19,119.7,74.4,48.307 21,+0.682,2:25.498,0
2/11/2018,Olympic Games - Pyeongchang,M,23,35,3,UKR,DUKACH Anton,2.600 13,15.144 19,27.605 24,37.491 23,123.8,76.9,48.303 24,+0.769,2:25.498,0
2/10/2018,Olympic Games - Pyeongchang,M,24,21,1,LAT,DARZNIEKS Arturs,2.610 16,15.151 24,27.600 24,37.525 24,123.3,76.6,48.305 22,+0.653,2:25.578,0
2/10/2018,Olympic Games - Pyeongchang,M,24,21,2,LAT,DARZNIEKS Arturs,2.627 24,15.171 28,27.598 24,37.671 28,119.4,74.2,48.671 29,+1.046,2:25.578,0
2/11/2018,Olympic Games - Pyeongchang,M,24,21,3,LAT,DARZNIEKS Arturs,2.606 14,15.142 18,27.551 20,37.628 28,126.2,78.4,48.602 28,+1.068,2:25.578,0
2/10/2018,Olympic Games - Pyeongchang,M,25,12,1,SVK,NINIS Jozef,2.665 32,15.147 21,27.510 15,37.274 8,121.9,75.7,47.833 7,+0.181,2:25.942,0
2/10/2018,Olympic Games - Pyeongchang,M,25,12,2,SVK,NINIS Jozef,2.661 32,15.136 19,27.500 15,38.113 36,119,73.9,50.014 37,+2.389,2:25.942,0
2/11/2018,Olympic Games - Pyeongchang,M,25,12,3,SVK,NINIS Jozef,2.664 33,15.232 31,27.658 27,37.462 22,120.2,74.7,48.095 21,+0.561,2:25.942,0
2/10/2018,Olympic Games - Pyeongchang,M,26,9,1,USA,WEST Tucker,2.545 1,14.990 2,27.382 3,37.479 23,127,78.9,48.484 26,+0.832 SR,2:26.019,0
2/10/2018,Olympic Games - Pyeongchang,M,26,9,2,USA,WEST Tucker,2.577  3,14.990 2,27.419  7,37.259 9,124.9,77.6,47.942 15,+0.317,2:26.019,0
2/11/2018,Olympic Games - Pyeongchang,M,26,9,3,USA,WEST Tucker,2.559 1,15.060 9,27.442 12,37.603 27,125.1,77.7,49.593 37,+2.059,2:26.019,0
2/10/2018,Olympic Games - Pyeongchang,M,27,15,1,POL,SOCHOWICZ Mateusz,2.615 18,15.181 28,27.640 26,37.833 28,126.4,78.5,49.047 29,+1.395,2:26.180,0
2/10/2018,Olympic Games - Pyeongchang,M,27,15,2,POL,SOCHOWICZ Mateusz,2.608 17,15.182 30,27.662 27,37.529 21,124.3,77.2,48.203 19,+0.578,2:26.180,0
2/11/2018,Olympic Games - Pyeongchang,M,27,15,3,POL,SOCHOWICZ Mateusz,2.607 16,15.146 20,27.607 25,37.728 31,129,80.1,48.930 31,+1.396,2:26.180,0
2/10/2018,Olympic Games - Pyeongchang,M,21,16,1,CZE,HYMAN Ondrej,2.638 27,15.191 29,27.723 28,37.608 25,119.7,74.4,48.324 23,+0.672,2:24.913,0
2/10/2018,Olympic Games - Pyeongchang,M,21,16,2,CZE,HYMAN Ondrej,2.652 31,15.170 27,27.679 30,37.562 22,122.4,76.1,48.276 20,+0.651,2:24.913,0
2/11/2018,Olympic Games - Pyeongchang,M,21,16,3,CZE,HYMAN Ondrej,2.645 28,15.196 27,27.703 30,37.565 26,122.7,76.2,48.313 25,+0.779,2:24.913,0
2/10/2018,Olympic Games - Pyeongchang,M,22,31,1,GBR,ROSEN Adam,2.713 38,15.289 33,27.772 29,37.689 26,119,73.9,48.477 25,+0.825,2:25.167,0
2/10/2018,Olympic Games - Pyeongchang,M,22,31,2,GBR,ROSEN Adam,2.709 37,15.277 34,27.743 32,37.648 26,118.8,73.8,48.410 23,+0.785,2:25.167,0
2/11/2018,Olympic Games - Pyeongchang,M,22,31,3,GBR,ROSEN Adam,2.691 36,15.288 34,27.695 29,37.537 25,118.8,73.8,48.280 23,+0.746,2:25.167,0
2/10/2018,Olympic Games - Pyeongchang,M,28,27,1,AUS,FERLAZZO Alex,2.584 9,15.146 19,27.606 25,37.419 21,121.2,75.3,48.073 16,+0.421,2:26.191,0
2/10/2018,Olympic Games - Pyeongchang,M,28,27,2,AUS,FERLAZZO Alex,2.590 7,15.144 21,27.615 25,37.631 25,122.1,75.9,48.587 27,+0.962,2:26.191,0
2/11/2018,Olympic Games - Pyeongchang,M,28,27,3,AUS,FERLAZZO Alex,2.606 14,15.176 26,28.039 36,38.365 38,126.7,78.7,49.531 36,+1.997,2:26.191,0
2/10/2018,Olympic Games - Pyeongchang,M,29,18,1,ROU,CRETU Valentin,2.608 15,15.264 31,27.989 32,38.058 32,120.9,75.1,49.030 28,+1.378,2:26.539,0
2/10/2018,Olympic Games - Pyeongchang,M,29,18,2,ROU,CRETU Valentin,2.645 28,15.084 15,27.534 19,37.765 32,117.9,73.2,49.085 33,+1.460,2:26.539,0
2/11/2018,Olympic Games - Pyeongchang,M,29,18,3,ROU,CRETU Valentin,2.624 23,15.153 23,27.6 23,37.53 24,123.3,76.6,48.424 26,+0.890,2:26.539,0
2/10/2018,Olympic Games - Pyeongchang,M,30,29,1,KOR,LIM Namkyu,2.647 29,15.254 30,27.808 30,37.886 29,122.2,75.9,49.461 31,+1.809,2:26.672,0
2/10/2018,Olympic Games - Pyeongchang,M,30,29,2,KOR,LIM Namkyu,2.641 27,15.213 32,27.741 31,37.666 27,122.8,76.3,48.591 28,+0.966,2:26.672,0
2/11/2018,Olympic Games - Pyeongchang,M,30,29,3,KOR,LIM Namkyu,2.630 26,15.221 29,27.766 32,37.723 30,122.5,76.1,48.620 29,+1.086,2:26.672,0
2/10/2018,Olympic Games - Pyeongchang,M,31,39,1,ROU,TUREA Andrei,2.619 23,15.155 25,27.684 27,38.054 31,121.9,75.7,49.482 32,+1.830,2:27.285,0
2/10/2018,Olympic Games - Pyeongchang,M,31,39,2,ROU,TUREA Andrei,2.620 19,15.168 26,27.665 28,37.603 23,120.2,74.7,48.489 26,+0.864,2:27.285,0
2/11/2018,Olympic Games - Pyeongchang,M,31,39,3,ROU,TUREA Andrei,2.611 18,15.152 22,27.681 28,38.004 34,118.7,73.7,49.314 35,+1.780,2:27.285,0
2/10/2018,Olympic Games - Pyeongchang,M,32,36,1,GEO,SOGOIANI Giorgi,2.672 33,15.284 32,27.885 31,38.048 30,121.6,75.6,49.300 30,+1.648,2:27.459,0
2/10/2018,Olympic Games - Pyeongchang,M,32,36,2,GEO,SOGOIANI Giorgi,2.663 33,15.303 36,27.92 36,38.036 34,120.4,74.8,49.151 34,+1.526,2:27.459,0
2/11/2018,Olympic Games - Pyeongchang,M,32,36,3,GEO,SOGOIANI Giorgi,2.671 34,15.320 35,27.959 34,37.989 33,118.9,73.9,49.008 33,+1.474,2:27.459,0
2/10/2018,Olympic Games - Pyeongchang,M,33,34,1,GBR,STAUDINGER Rupert,2.673 34,15.658 37,28.36 35,38.504 34,121.2,75.3,49.626 33,+1.974,2:27.842,0
2/10/2018,Olympic Games - Pyeongchang,M,33,34,2,GBR,STAUDINGER Rupert,2.688 36,15.251 33,27.847 34,38.057 35,124.2,77.1,49.259 35,+1.634,2:27.842,0
2/11/2018,Olympic Games - Pyeongchang,M,33,34,3,GBR,STAUDINGER Rupert,2.656 32,15.237 32,27.753 31,37.809 32,123.2,76.5,48.957 32,+1.423,2:27.842,0
2/10/2018,Olympic Games - Pyeongchang,M,34,37,1,IND,KESHAVAN Shiva,2.686 37,16.124 40,29.257 38,39.459 36,117.4,72.9,50.578 36,+2.926,2:28.188,0
2/10/2018,Olympic Games - Pyeongchang,M,34,37,2,IND,KESHAVAN Shiva,2.677 34,15.282 35,27.85 35,37.816 33,119.8,74.4,48.710 31,+1.085,2:28.188,0
2/11/2018,Olympic Games - Pyeongchang,M,34,37,3,IND,KESHAVAN Shiva,2.699 37,15.463 38,28.093 39,38.023 35,119.8,74.4,48.900 30,+1.366,2:28.188,0
2/10/2018,Olympic Games - Pyeongchang,M,35,33,1,SVK,SIMONAK Jakub,2.653 31,16.097 39,29.848 39,40.367 39,124.8,77.5,51.724 38,+4.072,2:28.936,0
2/10/2018,Olympic Games - Pyeongchang,M,35,33,2,SVK,SIMONAK Jakub,2.595 11,15.172 29,27.678 29,37.716 31,118.4,73.5,48.690 30,+1.065,2:28.936,0
2/11/2018,Olympic Games - Pyeongchang,M,35,33,3,SVK,SIMONAK Jakub,2.653 30,15.283 33,27.775 33,37.699 29,120.3,74.7,48.522 27,+0.988,2:28.936,0
2/10/2018,Olympic Games - Pyeongchang,M,36,40,1,KAZ,KOPYRENKO Nikita,2.789 40,15.451 34,28.105 33,38.42 33,115.3,71.6,50.147 35,+2.495,2:29.718,0
2/10/2018,Olympic Games - Pyeongchang,M,36,40,2,KAZ,KOPYRENKO Nikita,2.794 40,15.502 38,28.221 38,38.778 38,117.8,73.2,50.327 38,+2.702,2:29.718,0
2/11/2018,Olympic Games - Pyeongchang,M,36,40,3,KAZ,KOPYRENKO Nikita,2.793 40,15.464 39,28.002 35,38.162 36,115.8,71.9,49.244 34,+1.710,2:29.718,0
2/10/2018,Olympic Games - Pyeongchang,M,37,28,1,BUL,ANGELOV Pavel,2.761 39,15.896 38,29.201 37,39.861 37,120,74.5,51.569 37,+3.917,2:31.112,0
2/10/2018,Olympic Games - Pyeongchang,M,37,28,2,BUL,ANGELOV Pavel,2.761 39,15.525 39,28.139 37,38.222 37,130.7,81.2,49.449 36,+1.824,2:31.112,0
2/11/2018,Olympic Games - Pyeongchang,M,37,28,3,BUL,ANGELOV Pavel,2.756 39,15.620 40,28.399 40,38.625 39,128,79.5,50.094 39,+2.560,2:31.112,0
2/10/2018,Olympic Games - Pyeongchang,M,38,38,1,TPE,LIEN Te-An,2.679 36,15.620 36,28.878 36,39.98 38,115.8,71.9,52.121 39,+4.469,2:34.138,0
2/10/2018,Olympic Games - Pyeongchang,M,38,38,2,TPE,LIEN Te-An,2.679 35,15.450 37,28.378 39,38.964 39,,,51.472 39,+3.847,2:34.138,0
2/11/2018,Olympic Games - Pyeongchang,M,38,38,3,TPE,LIEN Te-An,2.685 35,15.400 36,28.081 37,38.679 40,114.4,71.1,50.545 40,+3.011,2:34.138,0
2/10/2018,Olympic Games - Pyeongchang,M,39,30,1,SLO,SIRSE Tilen,2.675 35,15.487 35,28.348 34,38.54 35,119.2,74,49.887,+2.235,2:38.309,0
2/10/2018,Olympic Games - Pyeongchang,M,39,30,2,SLO,SIRSE Tilen,2.721 38,16.627 40,34.942 40,46.568 40,104.9,65.2,58.776,+11.151,2:38.309,0
2/11/2018,Olympic Games - Pyeongchang,M,39,30,3,SLO,SIRSE Tilen,2.714 38,15.455 37,28.086 38,38.292 37,127.9,79.5,49.646,+2.112,2:38.309,0
2/10/2018,Olympic Games - Pyeongchang,F,1,6,1,GER,GEISENBERGER Natalie,4.334 4,16.337 2,24.259 2,34.95 1,113.5,70.5,46.245 1,0,3:05.232,1
2/10/2018,Olympic Games - Pyeongchang,F,1,6,2,GER,GEISENBERGER Natalie,4.329 3,16.337 3,24.221 2,34.907 2,114.8,71.3,46.209 3,+0.077,3:05.232,1
2/11/2018,Olympic Games - Pyeongchang,F,1,6,3,GER,GEISENBERGER Natalie,4.318 3,16.302 2,24.197 1,34.935 1,115.3,71.6,46.28 1,0,3:05.232,1
2/11/2018,Olympic Games - Pyeongchang,F,1,6,4,GER,GEISENBERGER Natalie,4.320 1,16.344 1,24.276 1,35.065 1,112.1,69.6,46.498 2,+0.050,3:05.232,1
2/10/2018,Olympic Games - Pyeongchang,F,2,5,1,GER,EITBERGER Dajana,4.361  8,16.393 7,24.287 4,35.02 4,118.9,73.8,46.381 7,+0.136,3:05.599,2
2/10/2018,Olympic Games - Pyeongchang,F,2,5,2,GER,EITBERGER Dajana,4.359 10,16.354  4,24.238 3,34.916 3,119.9,74.5,46.193 2,+0.061,3:05.599,2
2/11/2018,Olympic Games - Pyeongchang,F,2,5,3,GER,EITBERGER Dajana,4.365  9,16.421 8,24.326 6,35.133 6,120.8,75.1,46.577 7,+0.297,3:05.599,2
2/11/2018,Olympic Games - Pyeongchang,F,2,5,4,GER,EITBERGER Dajana,4.359 6,16.376 2,24.325 2,35.089 2,117.9,73.2,46.448 1,0,3:05.599,2
2/10/2018,Olympic Games - Pyeongchang,F,3,11,1,CAN,GOUGH Alex,4.361  8,16.396 8,24.298 5,35.016 3,111.4,69.2,46.317 2,+0.072,3:05.644,3
2/10/2018,Olympic Games - Pyeongchang,F,3,11,2,CAN,GOUGH Alex,4.345 6,16.354  4,24.262 5,35.002 5,110.1,68.4,46.328 4,+0.196,3:05.644,3
2/11/2018,Olympic Games - Pyeongchang,F,3,11,3,CAN,GOUGH Alex,4.330 4,16.331 3,24.247 3,35.033 3,111.2,69.1,46.425 3,+0.145,3:05.644,3
2/11/2018,Olympic Games - Pyeongchang,F,3,11,4,CAN,GOUGH Alex,4.347 4,16.407 5,24.35 4,35.157 3,111,68.9,46.574 3,+0.126,3:05.644,3
2/10/2018,Olympic Games - Pyeongchang,F,4,2,1,GER,HUEFNER Tatjana,4.302 1,16.288 1,24.215 1,34.956 2,113.7,70.6,46.322 3,+0.077 SR,3:05.713,0
2/10/2018,Olympic Games - Pyeongchang,F,4,2,2,GER,HUEFNER Tatjana,4.323 2,16.325 2,24.241 4,34.968 4,114.3,71,46.339 6,+0.207,3:05.713,0
2/11/2018,Olympic Games - Pyeongchang,F,4,2,3,GER,HUEFNER Tatjana,4.310  1,16.296 1,24.227 2,34.991 2,113,70.2,46.392 2,+0.112,3:05.713,0
2/11/2018,Olympic Games - Pyeongchang,F,4,2,4,GER,HUEFNER Tatjana,4.341 3,16.377 3,24.332 3,35.158 4,111.9,69.5,46.66 5,+0.212,3:05.713,0
2/10/2018,Olympic Games - Pyeongchang,F,5,7,1,CAN,McRAE Kimberley,4.340 5,16.388 6,24.325 8,35.041 6,114.5,71.1,46.339 4,+0.094,3:05.878,0
2/10/2018,Olympic Games - Pyeongchang,F,5,7,2,CAN,McRAE Kimberley,4.352 7,16.437 8,24.387 10,35.118 9,114.8,71.3,46.449 8,+0.317,3:05.878,0
2/11/2018,Olympic Games - Pyeongchang,F,5,7,3,CAN,McRAE Kimberley,4.350 6,16.415 6,24.366 8,35.117 4,114.2,70.9,46.480 4,+0.200,3:05.878,0
2/11/2018,Olympic Games - Pyeongchang,F,5,7,4,CAN,McRAE Kimberley,4.357 5,16.452 8,24.422 9,35.218 5,112.1,69.7,46.610 4,+0.162,3:05.878,0
2/10/2018,Olympic Games - Pyeongchang,F,6,1,1,USA,HAMLIN Erin,4.357 7,16.397 9,24.318 7,35.061 7,113.9,70.8,46.357 6,+0.112,3:05.912,0
2/10/2018,Olympic Games - Pyeongchang,F,6,1,2,USA,HAMLIN Erin,4.392 14,16.464 14,24.349 8,35.041 6,113.3,70.4,46.333 5,+0.201,3:05.912,0
2/11/2018,Olympic Games - Pyeongchang,F,6,1,3,USA,HAMLIN Erin,4.389 15,16.465 13,24.399 12,35.16 10,111.5,69.3,46.506 5,+0.226,3:05.912,0
2/11/2018,Olympic Games - Pyeongchang,F,6,1,4,USA,HAMLIN Erin,4.390 12,16.454 9,24.370 6,35.226 6,107.3,66.6,46.716 8,+0.268,3:05.912,0
2/10/2018,Olympic Games - Pyeongchang,F,7,22,1,ROU,STRAMATURARU Raluca,4.389 17,16.487 14,24.408 12,35.137 8,113,70.2,46.469 8,+0.224,3:06.288,0
2/10/2018,Olympic Games - Pyeongchang,F,7,22,2,ROU,STRAMATURARU Raluca,4.399 16,16.483 16,24.406 14,35.158 13,112.4,69.8,46.532 12,+0.400,3:06.288,0
2/11/2018,Olympic Games - Pyeongchang,F,7,22,3,ROU,STRAMATURARU Raluca,4.385 14,16.453 12,24.374 10,35.157 9,112.3,69.8,46.606 9,+0.326,3:06.288,0
2/11/2018,Olympic Games - Pyeongchang,F,7,22,4,ROU,STRAMATURARU Raluca,4.411 16,16.511 14,24.445 11,35.265 9,119.6,74.3,46.681 6,+0.233,3:06.288,0
2/10/2018,Olympic Games - Pyeongchang,F,8,20,1,KOR,FRISCH Aileen Christina,4.313 2,16.345 3,24.271 3,35.022 5,112.4,69.8,46.350 5,+0.105,3:06.400,0
2/10/2018,Olympic Games - Pyeongchang,F,8,20,2,KOR,FRISCH Aileen Christina,4.334 4,16.374 6,24.310 7,35.061 7,112.5,69.9,46.456 9,+0.324,3:06.400,0
2/11/2018,Olympic Games - Pyeongchang,F,8,20,3,KOR,FRISCH Aileen Christina,4.310  1,16.366 5,24.312 5,35.132 5,111.7,69.4,46.751 13,+0.471,3:06.400,0
2/11/2018,Olympic Games - Pyeongchang,F,8,20,4,KOR,FRISCH Aileen Christina,4.336 2,16.427 6,24.412 8,35.292 11,112.4,69.8,46.843 11,+0.395,3:06.400,0
2/10/2018,Olympic Games - Pyeongchang,F,9,15,1,AUT,EGLE Madeleine,4.385 14,16.465 12,24.415 13,35.249 16,111.2,69.1,46.726 14,+0.481,3:06.609,0
2/10/2018,Olympic Games - Pyeongchang,F,9,15,2,AUT,EGLE Madeleine,4.400 17,16.462 13,24.389 12,35.218 16,115.3,71.6,46.646 14,+0.514,3:06.609,0
2/11/2018,Olympic Games - Pyeongchang,F,9,15,3,AUT,EGLE Madeleine,4.373 12,16.435 9,24.372 9,35.152 8,107.8,67,46.541 6,+0.261,3:06.609,0
2/11/2018,Olympic Games - Pyeongchang,F,9,15,4,AUT,EGLE Madeleine,4.394 13,16.495 13,24.456 12,35.257 8,109.4,68,46.696 7,+0.248,3:06.609,0
2/10/2018,Olympic Games - Pyeongchang,F,10,8,1,ITA,VOETTER Andrea,4.387 15,16.469 13,24.438 14,35.219 11,112.9,70.1,46.577 10,+0.332,3:06.859,0
2/10/2018,Olympic Games - Pyeongchang,F,10,8,2,ITA,VOETTER Andrea,4.403 18,16.500 18,24.453 19,35.179 14,112.9,70.1,46.483 11,+0.351,3:06.859,0
2/11/2018,Olympic Games - Pyeongchang,F,10,8,3,ITA,VOETTER Andrea,4.392 17,16.576 21,24.601 22,35.439 16,112.1,69.7,46.907 15,+0.627,3:06.859,0
2/11/2018,Olympic Games - Pyeongchang,F,10,8,4,ITA,VOETTER Andrea,4.406 15,16.566 17,24.565 17,35.417 16,111.3,69.2,46.892 13,+0.444,3:06.859,0
2/10/2018,Olympic Games - Pyeongchang,F,11,10,1,SUI,KOCHER Martina,4.342 6,16.378 5,24.364 10,35.242 15,115.3,71.6,46.837 17,+0.592,3:06.893,0
2/10/2018,Olympic Games - Pyeongchang,F,11,10,2,SUI,KOCHER Martina,4.368 11,16.390 7,24.306 6,35.122 10,113.8,70.7,46.657 15,+0.525,3:06.893,0
2/11/2018,Olympic Games - Pyeongchang,F,11,10,3,SUI,KOCHER Martina,4.366 11,16.416 7,24.365 7,35.179 11,114,70.8,46.638 11,+0.358,3:06.893,0
2/11/2018,Olympic Games - Pyeongchang,F,11,10,4,SUI,KOCHER Martina,4.363 7,16.401 4,24.367 5,35.230 7,115.7,71.9,46.761 10,+0.313,3:06.893,0
2/10/2018,Olympic Games - Pyeongchang,F,12,16,1,LAT,ZIRNE Ulla,4.414 20,16.539 21,24.457 16,35.175 10,109.9,68.2,46.471 9,+0.226,3:07.102,0
2/10/2018,Olympic Games - Pyeongchang,F,12,16,2,LAT,ZIRNE Ulla,4.413 20,16.491 17,24.412 15,35.111 8,112.7,70,46.409 7,+0.277,3:07.102,0
2/11/2018,Olympic Games - Pyeongchang,F,12,16,3,LAT,ZIRNE Ulla,4.431 23,16.542 20,24.499 17,35.498 18,115.5,71.7,47.327 22,+1.047,3:07.102,0
2/11/2018,Olympic Games - Pyeongchang,F,12,16,4,LAT,ZIRNE Ulla,4.422 17,16.553 16,24.526 15,35.369 14,111.7,69.4,46.895 14,+0.447,3:07.102,0
2/10/2018,Olympic Games - Pyeongchang,F,13,21,1,CAN,APSHKRUM Brooke,4.441 25,16.626 25,24.62 25,35.416 20,109,67.7,46.834 16,+0.589,3:07.561,0
2/10/2018,Olympic Games - Pyeongchang,F,13,21,2,CAN,APSHKRUM Brooke,4.430 25,16.576 24,24.55 24,35.363 22,113.5,70.5,46.839 18,+0.707,3:07.561,0
2/11/2018,Olympic Games - Pyeongchang,F,13,21,3,CAN,APSHKRUM Brooke,4.434 24,16.581 22,24.545 20,35.377 15,112.3,69.8,46.905 14,+0.625,3:07.561,0
2/11/2018,Olympic Games - Pyeongchang,F,13,21,4,CAN,APSHKRUM Brooke,4.433 19,16.594 19,24.6 19,35.476 17,111.8,69.5,46.983 15,+0.535,3:07.561,0
2/10/2018,Olympic Games - Pyeongchang,F,14,3,1,ITA,ROBATSCHER Sandra,4.392 18,16.495 16,24.454 15,35.238 12,112.8,70.1,46.620 12,+0.375,3:07.565,0
2/10/2018,Olympic Games - Pyeongchang,F,14,3,2,ITA,ROBATSCHER Sandra,4.388 13,16.481 15,24.398 13,35.436 24,115,71.5,47.116 24,+0.984,3:07.565,0
2/11/2018,Olympic Games - Pyeongchang,F,14,3,3,ITA,ROBATSCHER Sandra,4.377 13,16.488 15,24.591 21,35.523 21,110.7,68.8,47.083 17,+0.803,3:07.565,0
2/11/2018,Olympic Games - Pyeongchang,F,14,3,4,ITA,ROBATSCHER Sandra,4.379 10,16.471 11,24.458 13,35.272 10,113,70.2,46.746 9,+0.298,3:07.565,0
2/10/2018,Olympic Games - Pyeongchang,F,18,24,1,KOR,SUNG Eunryung,4.380 12,16.500 18,24.501 19,35.354 17,112.6,69.9,46.918 18,+0.673,3:08.250,0
2/10/2018,Olympic Games - Pyeongchang,F,18,24,2,KOR,SUNG Eunryung,4.394 15,16.501 19,24.504 23,35.323 20,112.6,69.9,46.851 20,+0.719,3:08.250,0
2/11/2018,Olympic Games - Pyeongchang,F,18,24,3,KOR,SUNG Eunryung,4.391 16,16.510 16,24.517 18,35.463 17,110.7,68.8,47.205 18,+0.925,3:08.250,0
2/11/2018,Olympic Games - Pyeongchang,F,18,24,4,KOR,SUNG Eunryung,4.402 14,16.538 15,24.579 18,35.546 18,111.3,69.1,47.276 18,+0.828,3:08.250,0
2/10/2018,Olympic Games - Pyeongchang,F,19,4,1,USA,BRITCHER Summer,4.328 3,16.365 4,24.300 6,35.238 12,118,73.3,46.829 15,+0.584,3:08.334,0
2/10/2018,Olympic Games - Pyeongchang,F,19,4,2,USA,BRITCHER Summer,4.316 1,16.296 1,24.186 1,34.866 1,117.4,72.9,46.132 1,0.000 TR,3:08.334,0
2/11/2018,Olympic Games - Pyeongchang,F,19,4,3,USA,BRITCHER Summer,4.331 5,16.358 4,24.289 4,35.15 7,108.5,67.4,46.603 8,+0.323,3:08.334,0
2/11/2018,Olympic Games - Pyeongchang,F,19,4,4,USA,BRITCHER Summer,4.469 20,17.353 20,25.751 20,36.977 19,106.5,66.1,48.770 19,+2.322,3:08.334,0
2/10/2018,Olympic Games - Pyeongchang,F,20,14,1,POL,KULS-KUSYK Ewa,4.375 11,16.495 16,24.508 20,35.402 19,110.9,68.9,47.037 20,+0.792,2:21.182,0
2/10/2018,Olympic Games - Pyeongchang,F,20,14,2,POL,KULS-KUSYK Ewa,4.353 8,16.455 11,24.460 20,35.332 21,111.8,69.5,46.933 22,+0.801,2:21.182,0
2/11/2018,Olympic Games - Pyeongchang,F,20,14,3,POL,KULS-KUSYK Ewa,4.395 18,16.517 17,24.540 19,35.506 19,110.4,68.6,47.212 19,+0.932,2:21.182,0
2/10/2018,Olympic Games - Pyeongchang,F,21,30,1,UKR,SHKHUMOVA Olena,4.457 29,16.627 26,24.628 26,35.466 21,109.3,67.9,46.950 19,+0.705,2:21.545,0
2/10/2018,Olympic Games - Pyeongchang,F,21,30,2,UKR,SHKHUMOVA Olena,4.468 30,16.641 27,24.617 26,35.426 23,109.1,67.8,46.844 19,+0.712,2:21.545,0
2/11/2018,Olympic Games - Pyeongchang,F,21,30,3,UKR,SHKHUMOVA Olena,4.473 28,16.707 28,24.729 28,35.843 26,112,69.6,47.751 26,+1.471,2:21.545,0
2/10/2018,Olympic Games - Pyeongchang,F,22,9,1,LAT,APARJODE Kendija,4.415 21,16.503 19,24.471 18,35.361 18,111.8,69.5,48.103 27,+1.858,2:22.326,0
2/10/2018,Olympic Games - Pyeongchang,F,22,9,2,LAT,APARJODE Kendija,4.421 21,16.520 21,24.449 18,35.302 19,108.8,67.6,46.927 21,+0.795,2:22.326,0
2/11/2018,Olympic Games - Pyeongchang,F,22,9,3,LAT,APARJODE Kendija,4.416 21,16.540 19,24.481 16,35.522 20,114.5,71.2,47.296 21,+1.016,2:22.326,0
2/10/2018,Olympic Games - Pyeongchang,F,23,27,1,SVK,SIMONAKOVA Katarina,4.443 26,16.645 27,24.703 27,35.657 25,110.3,68.5,47.428 24,+1.183,2:22.572,0
2/10/2018,Olympic Games - Pyeongchang,F,23,27,2,SVK,SIMONAKOVA Katarina,4.450 26,16.626 26,24.706 28,35.752 26,111.4,69.2,47.606 25,+1.474,2:22.572,0
2/11/2018,Olympic Games - Pyeongchang,F,23,27,3,SVK,SIMONAKOVA Katarina,4.435 25,16.634 25,24.674 27,35.7 23,111,68.9,47.538 23,+1.258,2:22.572,0
2/10/2018,Olympic Games - Pyeongchang,F,24,25,1,ARG,RAVENNA Veronica Maria,4.439 24,16.608 24,24.600 24,35.539 24,109,67.7,47.175 22,+0.930,2:22.702,0
2/10/2018,Olympic Games - Pyeongchang,F,24,25,2,ARG,RAVENNA Veronica Maria,4.459 27,16.672 28,24.664 27,35.829 27,108.7,67.6,47.788 26,+1.656,2:22.702,0
2/11/2018,Olympic Games - Pyeongchang,F,24,25,3,ARG,RAVENNA Veronica Maria,4.444 27,16.653 27,24.664 25,35.836 25,109.1,67.8,47.739 24,+1.459,2:22.702,0
2/10/2018,Olympic Games - Pyeongchang,F,25,19,1,POL,WOJTUSCISZYN Natalia,4.421 22,16.492 15,24.458 17,36.201 28,111.5,69.3,49.133 29,+2.888,2:23.159,0
2/10/2018,Olympic Games - Pyeongchang,F,25,19,2,POL,WOJTUSCISZYN Natalia,4.423 23,16.542 23,24.500 22,35.294 18,112.5,69.9,46.736 17,+0.604,2:23.159,0
2/11/2018,Olympic Games - Pyeongchang,F,25,19,3,POL,WOJTUSCISZYN Natalia,4.412 20,16.607 24,24.643 24,35.534 22,112,69.6,47.290 20,+1.010,2:23.159,0
2/10/2018,Olympic Games - Pyeongchang,F,26,29,1,CZE,NOSKOVA Tereza,4.443 26,16.782 30,24.914 30,35.98 27,108.5,67.4,47.813 26,+1.568,2:23.866,0
2/10/2018,Olympic Games - Pyeongchang,F,26,29,2,CZE,NOSKOVA Tereza,4.459 27,16.677 29,24.737 29,35.967 28,110.1,68.4,48.132 27,+2.000,2:23.866,0
2/11/2018,Olympic Games - Pyeongchang,F,26,29,3,CZE,NOSKOVA Tereza,4.443 26,16.606 23,24.632 23,35.881 27,112.8,70.1,47.921 27,+1.641,2:23.866,0
2/10/2018,Olympic Games - Pyeongchang,F,27,26,1,CRO,OBRATOV Daria,4.454 28,16.758 29,24.888 29,36.253 29,112.4,69.8,48.615 28,+2.370,2:25.553,0
2/10/2018,Olympic Games - Pyeongchang,F,27,26,2,CRO,OBRATOV Daria,4.462 29,16.728 30,24.889 30,36.104 29,109.9,68.3,48.252 28,+2.120,2:25.553,0
2/11/2018,Olympic Games - Pyeongchang,F,27,26,3,CRO,OBRATOV Daria,4.473 28,16.960 29,25.205 29,36.476 29,107.3,66.6,48.686 29,+2.406,2:25.553,0
2/10/2018,Olympic Games - Pyeongchang,F,28,28,1,UKR,STETSKIV Olena,4.408 19,16.571 23,24.591 22,36.677 30,111.1,69,50.599 30,+4.354,2:26.831,0
2/10/2018,Olympic Games - Pyeongchang,F,28,28,2,UKR,STETSKIV Olena,4.421 21,16.581 25,24.579 25,35.456 25,111.5,69.2,48.303 29,+2.171,2:26.831,0
2/11/2018,Olympic Games - Pyeongchang,F,28,28,3,UKR,STETSKIV Olena,4.426 22,16.635 26,24.669 26,35.886 28,115.1,71.5,47.929 28,+1.649,2:26.831,0
2/10/2018,Olympic Games - Pyeongchang,F,29,23,1,USA,SWEENEY Emily,4.365 10,16.435 10,24.36 9,35.17 9,117,72.7,46.595 11,0.35,,0
2/10/2018,Olympic Games - Pyeongchang,F,29,23,2,USA,SWEENEY Emily,4.344 5,16.440 9,24.366 9,35.127 11,114.2,69.7,46.96 23,0.828,,0
2/11/2018,Olympic Games - Pyeongchang,F,29,23,3,USA,SWEENEY Emily,4.355 7,16.473 14,24.456 14,35.257 14,112.2,68.7,46.917 16,0.637,,0
2/11/2018,Olympic Games - Pyeongchang,F,29,23,4,USA,SWEENEY Emily,4.389 11,16.451 7,24.397 7,,110.7,,,,,0
2/8/2014,Olympic Games - Sochi,M,9,2,1,AUT,KINDL Wolfgang,4.684 18,16.826 18,32.360 10,43.005 7,139.5,86.7,52.586 5,+0.416,3:29.663,0
2/8/2014,Olympic Games - Sochi,M,9,2,2,AUT,KINDL Wolfgang,4.681 14,16.809 16,32.304 10,42.953 12,134.5,83.5,52.714 13,+0.750,3:29.663,0
2/9/2014,Olympic Games - Sochi,M,9,2,3,AUT,KINDL Wolfgang,4.681 19,16.786 17,32.126 11,42.653 9,137.9,85.7,52.145 8,+0.532,3:29.663,0
2/9/2014,Olympic Games - Sochi,M,9,2,4,AUT,KINDL Wolfgang,4.693 19,16.831 22,32.181 15,42.711 15,138,85.8,52.218 12,+0.454,3:29.663,0
2/8/2014,Olympic Games - Sochi,M,10,6,1,LAT,RUBENIS Martins,4.699 24,16.859 21,32.428 16,43.104 14,136.6,84.9,52.775 11,+0.605,3:29.697,0
2/8/2014,Olympic Games - Sochi,M,10,6,2,LAT,RUBENIS Martins,4.703 25,16.829 20,32.320 13,42.939 7,137.5,85.4,52.560 7,+0.596,3:29.697,0
2/9/2014,Olympic Games - Sochi,M,10,6,3,LAT,RUBENIS Martins,4.699 25,16.805 19,32.185 16,42.715 11,139.3,86.6,52.229 10,+0.616,3:29.697,0
2/9/2014,Olympic Games - Sochi,M,10,6,4,LAT,RUBENIS Martins,4.701 24,16.795 16,32.144 14,42.643 9,138.6,86.1,52.133 5,+0.369,3:29.697,0
2/8/2014,Olympic Games - Sochi,M,11,11,1,CAN,EDNEY Samuel,4.636 4,16.734 3,32.344 8,43.081 12,135.3,84.1,52.783 14,+0.613,3:29.777,0
2/8/2014,Olympic Games - Sochi,M,11,11,2,CAN,EDNEY Samuel,4.640 3,16.722 4,32.237 5,42.900 5,135.8,84.4,52.546 6,+0.582,3:29.777,0
2/9/2014,Olympic Games - Sochi,M,11,11,3,CAN,EDNEY Samuel,4.642 5,16.704 6,32.092 7,42.680 10,137,85.1,52.268 11,+0.655,3:29.777,0
2/9/2014,Olympic Games - Sochi,M,11,11,4,CAN,EDNEY Samuel,4.656 5,16.712 5,32.073 7,42.630 6,137.5,85.4,52.180 9,+0.416,3:29.777,0
2/8/2014,Olympic Games - Sochi,M,12,14,1,SUI,CARIGIET Gregory,4.679 16,16.823 16,32.393 13,43.093 13,135.5,84.2,52.775 11,+0.605,3:29.795,0
2/8/2014,Olympic Games - Sochi,M,12,14,2,SUI,CARIGIET Gregory,4.689 18,16.798 15,32.272  6,42.916 6,135.7,84.3,52.579 8,+0.615,3:29.795,0
2/9/2014,Olympic Games - Sochi,M,12,14,3,SUI,CARIGIET Gregory,4.678 17,16.777 15,32.179 15,42.742 14,137.8,85.6,52.274 12,+0.661,3:29.795,0
2/9/2014,Olympic Games - Sochi,M,12,14,4,SUI,CARIGIET Gregory,4.682 16,16.754 10,32.084 9,42.622 5,137.4,85.4,52.167 8,+0.403,3:29.795,0
2/8/2014,Olympic Games - Sochi,M,13,4,1,USA,MAZDZER Christopher,4.684 18,16.794 12,32.347 9,43.044 9,135.5,84.2,52.744 10,+0.574,3:29.954,0
2/8/2014,Olympic Games - Sochi,M,13,4,2,USA,MAZDZER Christopher,4.689 18,16.771 8,32.272  6,42.948 11,135.5,84.2,52.643 12,+0.679,3:29.954,0
2/9/2014,Olympic Games - Sochi,M,13,4,3,USA,MAZDZER Christopher,4.685 20,16.780 16,32.198 17,42.778 17,136.7,84.9,52.369 17,+0.756,3:29.954,0
2/9/2014,Olympic Games - Sochi,M,13,4,4,USA,MAZDZER Christopher,4.681 15,16.761 12,32.104 11,42.642 8,137.3,85.3,52.198 10,+0.434,3:29.954,0
2/8/2014,Olympic Games - Sochi,M,14,5,1,GER,MOELLER David,4.634  2,16.739 4,32.334 7,43.063 10,134.7,83.7,52.781 13,+0.611,3:30.239,0
2/8/2014,Olympic Games - Sochi,M,14,5,2,GER,MOELLER David,4.637 2,16.696 3,32.341 14,43.126 16,135.9,84.4,52.865 16,+0.901,3:30.239,0
2/9/2014,Olympic Games - Sochi,M,14,5,3,GER,MOELLER David,4.623  2,16.662 2,32.112 9,42.725 12,137.5,85.4,52.312 14,+0.699,3:30.239,0
2/9/2014,Olympic Games - Sochi,M,14,5,4,GER,MOELLER David,4.629 2,16.656 2,32.053 5,42.673 14,135.2,84,52.281 15,+0.517,3:30.239,0
2/8/2014,Olympic Games - Sochi,M,15,18,1,AUT,PFISTER Daniel,4.671 13,16.796 13,32.409 15,43.165 16,134.8,83.8,52.925 16,+0.755,3:30.276,0
2/8/2014,Olympic Games - Sochi,M,15,18,2,AUT,PFISTER Daniel,4.677 12,16.797 14,32.349 16,43.075 14,135.8,84.4,52.802 14,+0.838,3:30.276,0
2/9/2014,Olympic Games - Sochi,M,15,18,3,AUT,PFISTER Daniel,4.663 9,16.752 12,32.154 14,42.740 13,138.2,85.9,52.306 13,+0.693,3:30.276,0
2/9/2014,Olympic Games - Sochi,M,15,18,4,AUT,PFISTER Daniel,4.665  8,16.740 7,32.090 10,42.662 12,137.8,85.6,52.243 13,+0.479,3:30.276,0
2/8/2014,Olympic Games - Sochi,M,16,19,1,LAT,KIVLENIEKS Inars,4.657 7,16.788 9,32.403 14,43.142 15,134.9,83.8,52.872 15,+0.702,3:30.525,0
2/8/2014,Olympic Games - Sochi,M,16,19,2,LAT,KIVLENIEKS Inars,4.666 9,16.779 12,32.398 17,43.160 19,135.4,84.1,52.927 20,+0.963,3:30.525,0
2/9/2014,Olympic Games - Sochi,M,16,19,3,LAT,KIVLENIEKS Inars,4.661 8,16.743 11,32.149 12,42.743 15,137.6,85.5,52.347 16,+0.734,3:30.525,0
2/9/2014,Olympic Games - Sochi,M,16,19,4,LAT,KIVLENIEKS Inars,4.663 7,16.778 14,32.188 16,42.755 16,137.2,85.3,52.379 17,+0.615,3:30.525,0
2/8/2014,Olympic Games - Sochi,M,17,15,1,NOR,NOERBECH Thor Haug,4.671 13,16.834 19,32.511 19,43.280 19,134.8,83.7,53.014 18,+0.844,3:30.565,0
2/8/2014,Olympic Games - Sochi,M,17,15,2,NOR,NOERBECH Thor Haug,4.691 21,16.853 22,32.431 19,43.147 17,134.7,83.7,52.859 15,+0.895,3:30.565,0
2/9/2014,Olympic Games - Sochi,M,17,15,3,NOR,NOERBECH Thor Haug,4.668 11,16.760 13,32.149 12,42.760 16,139.1,86.4,52.345 15,+0.732,3:30.565,0
2/9/2014,Olympic Games - Sochi,M,17,15,4,NOR,NOERBECH Thor Haug,4.682 16,16.796 17,32.200 17,42.789 17,137.1,85.2,52.347 16,+0.583,3:30.565,0
2/8/2014,Olympic Games - Sochi,M,18,22,1,NOR,ROLFSEN Toennes Stang,4.740 33,16.952 31,32.588 23,43.334 20,137.7,85.5,53.043 20,+0.873,3:30.910,0
2/8/2014,Olympic Games - Sochi,M,18,22,2,NOR,ROLFSEN Toennes Stang,4.742 33,16.932 30,32.499 25,43.222 23,137.7,85.5,52.938 22,+0.974,3:30.910,0
2/9/2014,Olympic Games - Sochi,M,18,22,3,NOR,ROLFSEN Toennes Stang,4.743 35,16.916 30,32.343 24,42.929 22,140.1,87,52.463 19,+0.850,3:30.910,0
2/9/2014,Olympic Games - Sochi,M,18,22,4,NOR,ROLFSEN Toennes Stang,4.739 33,16.883 28,32.280 20,42.861 18,138.9,86.3,52.466 18,+0.702,3:30.910,0
2/8/2014,Olympic Games - Sochi,M,19,23,1,ITA,RIEDER Emanuel,4.670 11,16.815 15,32.458 18,43.224 18,134.9,83.8,52.981 17,+0.811,3:30.910,0
2/8/2014,Olympic Games - Sochi,M,19,23,2,ITA,RIEDER Emanuel,4.684 15,16.840 21,32.485 23,43.179 20,135.9,84.4,52.875 17,+0.911,3:30.910,0
2/9/2014,Olympic Games - Sochi,M,19,23,3,ITA,RIEDER Emanuel,4.675 14,16.816 21,32.307 22,42.946 23,136.6,84.8,52.578 22,+0.965,3:30.910,0
2/9/2014,Olympic Games - Sochi,M,19,23,4,ITA,RIEDER Emanuel,4.678 13,16.811 20,32.295 23,42.892 19,136.9,85,52.511 19,+0.747,3:30.910,0
2/8/2014,Olympic Games - Sochi,M,20,13,1,SVK,NINIS Jozef,4.711 29,16.900 25,32.589 25,43.38 22,136.8,85,53.143 22,+0.973,3:30.910,0
2/8/2014,Olympic Games - Sochi,M,20,13,2,SVK,NINIS Jozef,4.709 26,16.867 23,32.495 24,43.225 24,137.6,85.5,52.932 21,+0.968,3:30.910,0
2/9/2014,Olympic Games - Sochi,M,20,13,3,SVK,NINIS Jozef,4.705 28,16.826 22,32.263 20,42.874 19,138.9,86.3,52.492 20,+0.879,3:30.910,0
2/9/2014,Olympic Games - Sochi,M,20,13,4,SVK,NINIS Jozef,4.703 25,16.825 21,32.298 24,42.944 23,138.8,86.2,52.564 21,+0.800,3:30.910,0
2/8/2014,Olympic Games - Sochi,M,21,17,1,LAT,MAURINS Kristaps,4.653 6,16.804 14,32.528 20,43.335 21,133.7,83.1,53.144 23,+0.974,3:30.910,0
2/8/2014,Olympic Games - Sochi,M,21,17,2,LAT,MAURINS Kristaps,4.645 4,16.792 13,32.404 18,43.154 18,134.2,83.4,52.923 19,+0.959,3:30.910,0
2/9/2014,Olympic Games - Sochi,M,21,17,3,LAT,MAURINS Kristaps,4.680 18,16.845 24,32.311 23,42.906 21,136.1,84.5,52.518 21,+0.905,3:30.910,0
2/9/2014,Olympic Games - Sochi,M,21,17,4,LAT,MAURINS Kristaps,4.735 31,16.994 35,32.470 30,43.048 26,136.7,84.9,52.630 23,+0.866,3:30.910,0
2/8/2014,Olympic Games - Sochi,M,22,25,1,USA,WEST Tucker,4.720 30,16.912 28,32.588 23,43.391 23,134.8,83.8,53.142 21,+0.972,3:30.910,0
2/8/2014,Olympic Games - Sochi,M,22,25,2,USA,WEST Tucker,4.676 10,16.813 17,32.431 19,43.204 21,134.6,83.6,52.966 23,+1.002,3:30.910,0
2/9/2014,Olympic Games - Sochi,M,22,25,3,USA,WEST Tucker,4.665 10,16.762 14,32.206 18,42.827 18,137.1,85.2,52.413 18,+0.800,3:30.910,0
2/9/2014,Olympic Games - Sochi,M,22,25,4,USA,WEST Tucker,4.741 34,16.978 33,32.476 31,43.09 27,137.4,85.3,52.696 25,+0.932,3:30.910,0
2/8/2014,Olympic Games - Sochi,M,23,24,1,POL,KUROWSKI Maciej,4.707 26,16.919 29,32.620 27,43.429 26,134.9,83.8,53.234 25,+1.064,3:30.910,0
2/8/2014,Olympic Games - Sochi,M,23,24,2,POL,KUROWSKI Maciej,4.701 24,16.874 24,32.480 22,43.217 22,134.7,83.7,52.988 24,+1.024,3:30.910,0
2/9/2014,Olympic Games - Sochi,M,23,24,3,POL,KUROWSKI Maciej,4.694 22,16.826 22,32.281 21,42.897 20,134.8,83.7,52.637 23,+1.024,3:30.910,0
2/9/2014,Olympic Games - Sochi,M,23,24,4,POL,KUROWSKI Maciej,4.698 21,16.838 23,32.290 21,42.903 20,136.2,84.6,52.538 20,+0.774,3:30.910,0
2/8/2014,Olympic Games - Sochi,M,24,27,1,USA,KELLY Aidan,4.689 20,16.871 22,32.556 22,43.412 25,132,82,53.275 26,+1.105,3:30.910,0
2/8/2014,Olympic Games - Sochi,M,24,27,2,USA,KELLY Aidan,4.684 15,16.877 25,32.527 26,43.359 26,132.2,82.1,53.192 26,+1.228,3:30.910,0
2/9/2014,Olympic Games - Sochi,M,24,27,3,USA,KELLY Aidan,4.702 27,16.889 29,32.435 28,43.101 26,137.6,85.5,52.756 24,+1.143,3:30.910,0
2/9/2014,Olympic Games - Sochi,M,24,27,4,USA,KELLY Aidan,4.680 14,16.807 19,32.262 19,42.914 21,136.1,84.6,52.576 22,+0.812,3:30.910,0
2/8/2014,Olympic Games - Sochi,M,25,20,1,CZE,HYMAN Ondrej,4.670 11,16.856 20,32.552 21,43.392 24,134,83.3,53.222 24,+1.052,3:30.910,0
2/8/2014,Olympic Games - Sochi,M,25,20,2,CZE,HYMAN Ondrej,4.676 10,16.817 18,32.467 21,43.303 25,134.6,83.6,53.145 25,+1.181,3:30.910,0
2/9/2014,Olympic Games - Sochi,M,25,20,3,CZE,HYMAN Ondrej,4.676 15,16.807 20,32.360 25,43.078 25,135.7,84.3,52.783 26,+1.170,3:30.910,0
2/9/2014,Olympic Games - Sochi,M,25,20,4,CZE,HYMAN Ondrej,4.669 10,16.793 15,32.290 21,42.999 25,135.1,84,52.708 26,+0.944,3:30.910,0
2/8/2014,Olympic Games - Sochi,M,1,10,1,GER,LOCH Felix,4.634  2,16.694 1,32.082 1,42.644 1,138.1,85.8,52.185 2,+0.015,3:27.526,1
2/8/2014,Olympic Games - Sochi,M,1,10,2,GER,LOCH Felix,4.647  5,16.683 1,31.996 1,42.496 1,138.7,86.2,51.964 1,0,3:27.526,1
2/9/2014,Olympic Games - Sochi,M,1,10,3,GER,LOCH Felix,4.623  2,16.613 1,31.799 1,42.178 1,140.4,87.2,51.613 1,0,3:27.526,1
2/9/2014,Olympic Games - Sochi,M,1,10,4,GER,LOCH Felix,4.643  3,16.679 3,31.915 1,42.345 1,140.1,87,51.764 1,0,3:27.526,1
2/8/2014,Olympic Games - Sochi,M,2,7,1,RUS,DEMCHENKO Albert,4.696 22,16.792 10,32.179 2,42.693 2,139.1,86.4,52.170 1,0,3:28.002,2
2/8/2014,Olympic Games - Sochi,M,2,7,2,RUS,DEMCHENKO Albert,4.688 17,16.776 11,32.198 3,42.759 2,138.7,86.2,52.273 2,+0.309,3:28.002,2
2/9/2014,Olympic Games - Sochi,M,2,7,3,RUS,DEMCHENKO Albert,4.677 16,16.726 7,31.954 2,42.352 2,140.9,87.5,51.707 2,+0.094,3:28.002,2
2/9/2014,Olympic Games - Sochi,M,2,7,4,RUS,DEMCHENKO Albert,4.704 26,16.768 13,32.052 4,42.474 2,139.4,86.6,51.852 2,+0.088,3:28.002,2
2/8/2014,Olympic Games - Sochi,M,3,9,1,ITA,ZOEGGELER Armin,4.671 13,16.768  7,32.278 4,42.912 3,137.7,85.5,52.506 3,+0.336,3:28.797,3
2/8/2014,Olympic Games - Sochi,M,3,9,2,ITA,ZOEGGELER Armin,4.689 18,16.774 10,32.217 4,42.814 3,137.5,85.4,52.387 3,+0.423,3:28.797,3
2/9/2014,Olympic Games - Sochi,M,3,9,3,ITA,ZOEGGELER Armin,4.670 13,16.727 8,32.032 5,42.494 4,140.2,87.1,51.910 3,+0.297,3:28.797,3
2/9/2014,Olympic Games - Sochi,M,3,9,4,ITA,ZOEGGELER Armin,4.677 12,16.736 6,32.033 3,42.526 4,139.1,86.4,51.994 3,+0.230,3:28.797,3
2/8/2014,Olympic Games - Sochi,M,4,12,1,GER,LANGENHAN Andi,4.624 1,16.705 2,32.243 3,42.976 6,135.2,84,52.707 8,+0.537,3:29.355,0
2/8/2014,Olympic Games - Sochi,M,4,12,2,GER,LANGENHAN Andi,4.627 1,16.693 2,32.175 2,42.829 4,136.2,84.6,52.480 4,+0.516,3:29.355,0
2/9/2014,Olympic Games - Sochi,M,4,12,3,GER,LANGENHAN Andi,4.617 1,16.675 3,32.028 4,42.548 6,138.3,85.9,52.073 7,+0.460 SR,3:29.355,0
2/9/2014,Olympic Games - Sochi,M,4,12,4,GER,LANGENHAN Andi,4.618 1,16.644 1,31.967 2,42.525 3,137.1,85.2,52.095 4,+0.331,3:29.355,0
2/8/2014,Olympic Games - Sochi,M,5,8,1,RUS,PAVLICHENKO Semen,4.659 8,16.750 6,32.289  5,42.970 5,137.1,85.2,52.660 6,+0.490,3:29.436,0
2/8/2014,Olympic Games - Sochi,M,5,8,2,RUS,PAVLICHENKO Semen,4.664 7,16.755 5,32.281 8,42.943 9,137.9,85.7,52.593 10,+0.629,3:29.436,0
2/9/2014,Olympic Games - Sochi,M,5,8,3,RUS,PAVLICHENKO Semen,4.649 6,16.689 5,31.998 3,42.471 3,140.7,87.4,51.928 4,+0.315,3:29.436,0
2/9/2014,Olympic Games - Sochi,M,5,8,4,RUS,PAVLICHENKO Semen,4.669 10,16.742 9,32.069 6,42.662 12,138.3,85.9,52.255 14,+0.491,3:29.436,0
2/8/2014,Olympic Games - Sochi,M,6,1,1,ITA,FISCHNALLER Dominik,4.666 10,16.768  7,32.380 12,43.076 11,135.4,84.1,52.729 9,+0.559,3:29.479,0
2/8/2014,Olympic Games - Sochi,M,6,1,2,ITA,FISCHNALLER Dominik,4.665 8,16.757 6,32.299 9,42.942 8,137.9,85.7,52.540 5,+0.576,3:29.479,0
2/9/2014,Olympic Games - Sochi,M,6,1,3,ITA,FISCHNALLER Dominik,4.650 7,16.683 4,32.048 6,42.547 5,138,85.8,52.007 5,+0.394,3:29.479,0
2/9/2014,Olympic Games - Sochi,M,6,1,4,ITA,FISCHNALLER Dominik,4.658 6,16.710 4,32.074 8,42.659 11,138.7,86.2,52.203 11,+0.439,3:29.479,0
2/8/2014,Olympic Games - Sochi,M,7,16,1,RUS,PERETYAGIN Aleksander,4.694 21,16.825 17,32.368 11,43.023 8,139.1,86.4,52.675 7,+0.505,3:29.495,0
2/8/2014,Olympic Games - Sochi,M,7,16,2,RUS,PERETYAGIN Aleksander,4.700 23,16.822 19,32.305 11,42.946 10,136.5,84.8,52.590 9,+0.626,3:29.495,0
2/9/2014,Olympic Games - Sochi,M,7,16,3,RUS,PERETYAGIN Aleksander,4.699 25,16.800 18,32.097 8,42.586 7,138.2,85.9,52.069 6,+0.456,3:29.495,0
2/9/2014,Olympic Games - Sochi,M,7,16,4,RUS,PERETYAGIN Aleksander,4.698 21,16.798 18,32.129 13,42.653 10,137.9,85.7,52.161 7,+0.397,3:29.495,0
2/8/2014,Olympic Games - Sochi,M,8,3,1,AUT,EGGER Reinhard,4.660 9,16.748 5,32.289  5,42.940 4,137.8,85.6,52.564 4,+0.394,3:29.506,0
2/8/2014,Olympic Games - Sochi,M,8,3,2,AUT,EGGER Reinhard,4.678 13,16.773 9,32.314 12,42.983 13,137.3,85.3,52.630 11,+0.666,3:29.506,0
2/9/2014,Olympic Games - Sochi,M,8,3,3,AUT,EGGER Reinhard,4.668 11,16.738 10,32.116 10,42.644 8,137.2,85.3,52.152 9,+0.539,3:29.506,0
2/9/2014,Olympic Games - Sochi,M,8,3,4,AUT,EGGER Reinhard,4.665  8,16.755 11,32.120 12,42.641 7,137.9,85.7,52.160 6,+0.396,3:29.506,0
2/8/2014,Olympic Games - Sochi,M,27,32,1,CAN,FENNELL John,4.709 28,16.876 24,32.617 26,43.484 27,133.2,82.7,53.350 27,+1.180,3:32.716,0
2/8/2014,Olympic Games - Sochi,M,27,32,2,CAN,FENNELL John,4.696 22,16.885 26,32.630 27,43.511=29,132.4,82.2,53.561 30,+1.597,3:32.716,0
2/9/2014,Olympic Games - Sochi,M,27,32,3,CAN,FENNELL John,4.698 24,16.870 27,32.416 27,43.132 27,134.3,83.4,52.879 27,+1.266,3:32.716,0
2/9/2014,Olympic Games - Sochi,M,27,32,4,CAN,FENNELL John,4.689 18,16.867 27,32.465 29,43.194 30,137.5,85.4,52.926 29,+1.162,3:32.716,0
2/8/2014,Olympic Games - Sochi,M,28,28,1,UKR,KIS Andriy,4.698 23,16.911=26,32.730 31,43.631 30,133.1,82.7,53.533 30,+1.363,3:32.796,0
2/8/2014,Olympic Games - Sochi,M,28,28,2,UKR,KIS Andriy,4.712 28,16.929 28,32.672 31,43.511=29,134,83.2,53.358 28,+1.394,3:32.796,0
2/9/2014,Olympic Games - Sochi,M,28,28,3,UKR,KIS Andriy,4.695 23,16.869 26,32.489=30,43.264 30,135.4,84.1,53.046 29,+1.433,3:32.796,0
2/9/2014,Olympic Games - Sochi,M,28,28,4,UKR,KIS Andriy,4.700 23,16.855 26,32.409 26,43.131 28,135.9,84.4,52.859 28,+1.095,3:32.796,0
2/8/2014,Olympic Games - Sochi,M,29,35,1,ROU,CRETU Valentin,4.743=34,16.986 33,32.780 33,43.675 32,133.6,83,53.562 31,+1.392,3:32.885,0
2/8/2014,Olympic Games - Sochi,M,29,35,2,ROU,CRETU Valentin,4.729 30,16.931 29,32.632 28,43.457 27,134,83.2,53.279 27,+1.315,3:32.885,0
2/9/2014,Olympic Games - Sochi,M,29,35,3,ROU,CRETU Valentin,4.740 33,16.935 32,32.489=30,43.189=28,135.6,84.3,52.902 28,+1.289,3:32.885,0
2/9/2014,Olympic Games - Sochi,M,29,35,4,ROU,CRETU Valentin,4.725 29,16.909 30,32.453 28,43.184 29,133.9,83.2,53.142 32,+1.378,3:32.885,0
2/8/2014,Olympic Games - Sochi,M,30,31,1,JPN,KANAYAMA Hidenari,4.749 36,16.988 34,32.826 34,43.709 34,131.9,81.9,53.626 32,+1.456,3:33.583,0
2/8/2014,Olympic Games - Sochi,M,30,31,2,JPN,KANAYAMA Hidenari,4.764 36,17.014 35,32.770 34,43.611 32,129.1,80.2,53.663 33,+1.699,3:33.583,0
2/9/2014,Olympic Games - Sochi,M,30,31,3,JPN,KANAYAMA Hidenari,4.747 36,16.966 33,32.609 34,43.345 32,132.8,82.5,53.220 31,+1.607,3:33.583,0
2/9/2014,Olympic Games - Sochi,M,30,31,4,JPN,KANAYAMA Hidenari,4.752 36,16.961 31,32.590 33,43.315 33,135,83.9,53.074 31,+1.310,3:33.583,0
2/8/2014,Olympic Games - Sochi,M,31,36,1,UKR,MANDZIY Andriy,4.708 27,16.920 30,32.717 30,43.676 33,132.9,82.6,53.653 33,+1.483,3:33.602,0
2/8/2014,Olympic Games - Sochi,M,31,36,2,UKR,MANDZIY Andriy,4.731 32,16.941=31,32.661 29,43.571 31,130,80.8,53.660 32,+1.696,3:33.602,0
2/9/2014,Olympic Games - Sochi,M,31,36,3,UKR,MANDZIY Andriy,4.728 30,16.924 31,32.532 32,43.365 33,133.2,82.7,53.227 32,+1.614,3:33.602,0
2/9/2014,Olympic Games - Sochi,M,31,36,4,UKR,MANDZIY Andriy,4.718 28,16.885 29,32.510 32,43.287 32,133.8,83.1,53.062 30,+1.298,3:33.602,0
2/8/2014,Olympic Games - Sochi,M,32,30,1,TGA,BANANI Bruno,4.726 31,16.984 32,32.765 32,43.656 31,132.1,82.1,53.656 34,+1.486,3:33.676,0
2/8/2014,Olympic Games - Sochi,M,32,30,2,TGA,BANANI Bruno,4.730 31,16.958 33,32.753 33,43.657 33,132.3,82.2,53.637 31,+1.673,3:33.676,0
2/9/2014,Olympic Games - Sochi,M,32,30,3,TGA,BANANI Bruno,4.741 34,16.986=35,32.566 33,43.282 31,133.1,82.7,53.162 30,+1.549,3:33.676,0
2/9/2014,Olympic Games - Sochi,M,32,30,4,TGA,BANANI Bruno,4.735=31,17.046 37,32.678 35,43.377 34,132.4,82.3,53.221 33,+1.457,3:33.676,0
2/8/2014,Olympic Games - Sochi,M,33,26,1,AUS,FERLAZZO Alexander,4.683 17,16.873 23,32.678 29,43.593 29,132.5,82.3,53.528 29,+1.358,3:34.044,0
2/8/2014,Olympic Games - Sochi,M,33,26,2,AUS,FERLAZZO Alexander,4.711 27,16.941=31,32.747 32,43.687 34,131.6,81.8,53.686 34,+1.722,3:34.044,0
2/9/2014,Olympic Games - Sochi,M,33,26,3,AUS,FERLAZZO Alexander,4.693 21,16.863 25,32.447 29,43.189=28,129.3,80.3,53.323 33,+1.710,3:34.044,0
2/9/2014,Olympic Games - Sochi,M,33,26,4,AUS,FERLAZZO Alexander,4.697 20,16.849 25,32.414 27,43.230 31,128.8,80,53.507 35,+1.743,3:34.044,0
2/8/2014,Olympic Games - Sochi,M,34,21,1,NOR,KOPPANG Jo Alexander,4.645 5,16.793 11,32.444 17,43.221 17,134.6,83.6,53.028 19,+0.858,3:35.792,0
2/8/2014,Olympic Games - Sochi,M,34,21,2,NOR,KOPPANG Jo Alexander,4.647 =5,16.770 7,32.343 15,43.090 15,135,83.9,52.894 18,+0.930,3:35.792,0
2/9/2014,Olympic Games - Sochi,M,34,21,3,NOR,KOPPANG Jo Alexander,4.631 4,16.731 9,32.219 19,45.348 39,114.9,71.4,57.080 39,+5.467,3:35.792,0
2/9/2014,Olympic Games - Sochi,M,34,21,4,NOR,KOPPANG Jo Alexander,4.643 =3,16.741 8,32.215 18,42.915 22,133.3,82.8,52.790 27,+1.026,3:35.792,0
2/8/2014,Olympic Games - Sochi,M,35,37,1,KOR,KIM Donghyeon,4.735 32,17.031 36,32.981 36,44.064 36,130.8,81.2,54.207 36,+2.037,3:36.385,0
2/8/2014,Olympic Games - Sochi,M,35,37,2,KOR,KIM Donghyeon,4.751 35,17.096 37,33.125 37,44.304 37,128.8,80,54.603 36,+2.639,3:36.385,0
2/9/2014,Olympic Games - Sochi,M,35,37,3,KOR,KIM Donghyeon,4.738 31,16.986=35,32.808 35,43.768 34,131.6,81.7,53.795 34,+2.182,3:36.385,0
2/9/2014,Olympic Games - Sochi,M,35,37,4,KOR,KIM Donghyeon,4.749 35,16.993 34,32.767 37,43.676 36,129.1,80.2,53.780 37,+2.016,3:36.385,0
2/8/2014,Olympic Games - Sochi,M,36,29,1,MDA,MACOVEI Bogdan,4.822 37,17.116 37,33.127 37,44.301 37,130,80.8,54.591 37,+2.421,3:36.566,0
2/8/2014,Olympic Games - Sochi,M,36,29,2,MDA,MACOVEI Bogdan,4.821 37,17.093 36,32.992 36,44.084 36,131.2,81.5,54.271 35,+2.307,3:36.566,0
2/9/2014,Olympic Games - Sochi,M,36,29,3,MDA,MACOVEI Bogdan,4.830 38,17.104 37,32.906 36,43.891 35,131.1,81.5,53.925 35,+2.312,3:36.566,0
2/9/2014,Olympic Games - Sochi,M,36,29,4,MDA,MACOVEI Bogdan,4.799 37,17.041 36,32.765 36,43.742 37,133,82.6,53.779 36,+2.015,3:36.566,0
2/8/2014,Olympic Games - Sochi,M,37,38,1,IOP,KESHAVAN Shiva,4.743=34,17.016 35,32.892 35,43.828 35,130.1,80.8,53.905 35,+1.735,3:37.149,0
2/8/2014,Olympic Games - Sochi,M,37,38,2,IOP,KESHAVAN Shiva,4.749 34,17.011 34,32.841 35,43.872 35,116.5,72.4,55.203 38,+3.239,3:37.149,0
2/9/2014,Olympic Games - Sochi,M,37,38,3,IOP,KESHAVAN Shiva,4.739 32,16.973 34,33.153 37,44.288 37,126.5,78.6,54.706 37,+3.093,3:37.149,0
2/9/2014,Olympic Games - Sochi,M,37,38,4,IOP,KESHAVAN Shiva,4.732 30,16.974 32,32.648 34,43.437 35,132.6,82.4,53.335 34,+1.571,3:37.149,0
2/8/2014,Olympic Games - Sochi,M,38,34,1,BUL,BENYOV Stanislav,4.835 38,17.241 39,33.398 38,44.657 38,127.6,79.2,55.040 38,+2.870,3:39.080,0
2/8/2014,Olympic Games - Sochi,M,38,34,2,BUL,BENYOV Stanislav,4.899 39,17.289 39,33.425 38,44.6 38,126.9,78.9,55.006 37,+3.042,3:39.080,0
2/9/2014,Olympic Games - Sochi,M,38,34,3,BUL,BENYOV Stanislav,4.828 37,17.180 38,33.185 38,44.277 36,127.8,79.4,54.558 36,+2.945,3:39.080,0
2/9/2014,Olympic Games - Sochi,M,38,34,4,BUL,BENYOV Stanislav,4.820 38,17.128 38,33.166 39,44.287 39,129.7,80.6,54.476 38,+2.712,3:39.080,0
2/8/2014,Olympic Games - Sochi,M,39,39,1,TPE,LIEN Te-An,4.836 39,17.224 38,33.416 39,45.239 39,81.3,50.5,1:02.961 39,+10.791,3:48.091,0
2/8/2014,Olympic Games - Sochi,M,39,39,2,TPE,LIEN Te-An,4.861 38,17.260 38,33.49 39,44.89 39,126.7,78.7,55.315 39,+3.351,3:48.091,0
2/9/2014,Olympic Games - Sochi,M,39,39,3,TPE,LIEN Te-An,4.841 39,17.206 39,33.218 39,44.423 38,121,75.1,55.287 38,+3.674,3:48.091,0
2/9/2014,Olympic Games - Sochi,M,39,39,4,TPE,LIEN Te-An,4.860 39,17.219 39,33.06 38,44.189 38,129.9,80.7,54.528 39,+2.764,3:48.091,0
2/8/2014,Olympic Games - Sochi,M,26,33,1,CAN,MALYK Mitchel,4.703 25,16.911=26,32.673 28,43.512 28,133.1,82.7,53.367 28,+1.197,3:32.157,0
2/8/2014,Olympic Games - Sochi,M,26,33,2,CAN,MALYK Mitchel,4.722 29,16.928 27,32.665 30,43.508 28,132.4,82.3,53.401 29,+1.437,3:32.157,0
2/9/2014,Olympic Games - Sochi,M,26,33,3,CAN,MALYK Mitchel,4.712 29,16.885 28,32.401 26,43.054 24,134.4,82.3,52.756 24,1.143,3:32.157,0
2/9/2014,Olympic Games - Sochi,M,26,33,4,CAN,MALYK Mitchel,4.707 27,16.844 24,32.309 24,42.945 24,135,83.9,52.633 24,0.869,3:32.157,0
2/10/2014,Olympic Games - Sochi,F,1,2,1,GER,GEISENBERGER Natalie,3.907 1,12.825 1,29.38 1,40.217 1,136,84.5,49.891 1,0,3:19.768,1
2/10/2014,Olympic Games - Sochi,F,1,2,2,GER,GEISENBERGER Natalie,3.922 2,12.854 2,29.405 1,40.241 1,135.7,84.3,49.923 1,0,3:19.768,1
2/11/2014,Olympic Games - Sochi,F,1,2,3,GER,GEISENBERGER Natalie,3.905 2,12.802 1,29.28 1,40.101 1,136.1,84.5,49.765 1,0,3:19.768,1
2/11/2014,Olympic Games - Sochi,F,1,2,4,GER,GEISENBERGER Natalie,3.919  2,12.841 2,29.402 2,40.354 1,133.9,83.2,50.189 1,0,3:19.768,1
2/10/2014,Olympic Games - Sochi,F,2,9,1,GER,HUEFNER Tatjana,3.909 2,12.878 4,29.578 3,40.545 4,134.1,83.3,50.393 3,+0.502,3:20.907,2
2/10/2014,Olympic Games - Sochi,F,2,9,2,GER,HUEFNER Tatjana,3.897 1,12.827 1,29.45 2,40.384 2,134,83.2,50.187 2,0.264,3:20.907,2
2/11/2014,Olympic Games - Sochi,F,2,9,3,GER,HUEFNER Tatjana,3.898 1,12.812 2,29.316 2,40.24 2,134.1,83.3,50.048 2,+0.283,3:20.907,2
2/11/2014,Olympic Games - Sochi,F,2,9,4,GER,HUEFNER Tatjana,3.902 1,12.809 1,29.362 1,40.36 2,132.2,82.1,50.279 2,+0.090,3:20.907,2
2/10/2014,Olympic Games - Sochi,F,3,11,1,USA,HAMLIN Erin,3.954 12,12.937 9,29.596 5,40.543 3,133.9,83.2,50.356 2,+0.465,3:21.145,3
2/10/2014,Olympic Games - Sochi,F,3,11,2,USA,HAMLIN Erin,3.950  7,12.917 8,29.545 3,40.487 3,134.8,83.7,50.276 3,+0.353,3:21.145,3
2/11/2014,Olympic Games - Sochi,F,3,11,3,USA,HAMLIN Erin,3.955 12,12.898 8,29.479 4,40.374 3,134.2,83.4,50.165 3,+0.400,3:21.145,3
2/11/2014,Olympic Games - Sochi,F,3,11,4,USA,HAMLIN Erin,3.963 13,12.909 10,29.491 5,40.461 4,133.4,82.9,50.348 3,+0.159,3:21.145,3
2/10/2014,Olympic Games - Sochi,F,4,10,1,CAN,GOUGH Alex,3.910 3,12.873 3,29.619 6,40.603 6,134.7,83.7,50.464 5,+0.573,3:21.578,0
2/10/2014,Olympic Games - Sochi,F,4,10,2,CAN,GOUGH Alex,3.929  3,12.890 4,29.565 4,40.532 5,134.5,83.6,50.402 5,+0.479,3:21.578,0
2/11/2014,Olympic Games - Sochi,F,4,10,3,CAN,GOUGH Alex,3.915 3,12.852 3,29.452 3,40.412 4,134.3,83.4,50.286 4,+0.521,3:21.578,0
2/11/2014,Olympic Games - Sochi,F,4,10,4,CAN,GOUGH Alex,3.919  2,12.858 3,29.477 4,40.492 5,133.5,82.9,50.426 5,+0.237,3:21.578,0
2/10/2014,Olympic Games - Sochi,F,5,12,1,CAN,McRAE Kimberley,3.940 8,12.907 7,29.647 8,40.616 8,134.8,83.8,50.465 6,+0.574,3:21.895,0
2/10/2014,Olympic Games - Sochi,F,5,12,2,CAN,McRAE Kimberley,3.950  7,12.915 7,29.657 11,40.63 10,133.9,83.2,50.454  6,+0.531,3:21.895,0
2/11/2014,Olympic Games - Sochi,F,5,12,3,CAN,McRAE Kimberley,3.952 11,12.901 9,29.509 5,40.472 5,134.1,83.3,50.356 5,+0.591,3:21.895,0
2/11/2014,Olympic Games - Sochi,F,5,12,4,CAN,McRAE Kimberley,3.960 12,12.911 11,29.584 11,40.636 11,132.7,82.5,50.620 11,+0.431,3:21.895,0
2/10/2014,Olympic Games - Sochi,F,6,7,1,GER,WISCHNEWSKI Anke,3.937 7,12.898 5,29.63 7,40.611 7,133.2,82.8,50.490 7,+0.599,3:21.960,0
2/10/2014,Olympic Games - Sochi,F,6,7,2,GER,WISCHNEWSKI Anke,3.939 5,12.905 6,29.628 8,40.629 9,133.6,83,50.476 9,+0.553,3:21.960,0
2/11/2014,Olympic Games - Sochi,F,6,7,3,GER,WISCHNEWSKI Anke,3.934 5,12.884 5,29.527 6,40.542 6,132.3,82.2,50.462 7,+0.697,3:21.960,0
2/11/2014,Olympic Games - Sochi,F,6,7,4,GER,WISCHNEWSKI Anke,3.933 5,12.884 6,29.536 8,40.579 7,132.4,82.3,50.532 7,+0.343,3:21.960,0
2/10/2014,Olympic Games - Sochi,F,7,4,1,RUS,IVANOVA Tatyana,3.914 4,12.865 2,29.56 2,40.546 5,135,83.9,50.457 4,+0.566,3:22.006,0
2/10/2014,Olympic Games - Sochi,F,7,4,2,RUS,IVANOVA Tatyana,3.929  3,12.884 3,29.583 6,40.577 7,134.9,83.8,50.492 10,+0.569,3:22.006,0
2/11/2014,Olympic Games - Sochi,F,7,4,3,RUS,IVANOVA Tatyana,3.923 4,12.876 4,29.549 7,40.542 6,134.9,83.8,50.450 6,+0.685,3:22.006,0
2/11/2014,Olympic Games - Sochi,F,7,4,4,RUS,IVANOVA Tatyana,3.929 4,12.875 4,29.529 7,40.604 8,133.8,83.1,50.607 9,+0.418,3:22.006,0
2/10/2014,Olympic Games - Sochi,F,8,8,1,RUS,KHOREVA Natalja,3.948 11,12.914 8,29.666 9,40.648 9,135.4,84.1,50.500 8,+0.609,3:22.067,0
2/10/2014,Olympic Games - Sochi,F,8,8,2,RUS,KHOREVA Natalja,3.952 11,12.9 5,29.574 5,40.525 4,135.4,84.1,50.348 4,+0.425,3:22.067,0
2/11/2014,Olympic Games - Sochi,F,8,8,3,RUS,KHOREVA Natalja,3.945 8,12.896 7,29.679 12,40.7 10,134.3,83.4,50.599 9,+0.834,3:22.067,0
2/11/2014,Olympic Games - Sochi,F,8,8,4,RUS,KHOREVA Natalja,3.950 10,12.892 8,29.569 9,40.633 10,133.2,82.8,50.620 11,+0.431,3:22.067,0
2/10/2014,Olympic Games - Sochi,F,9,5,1,SUI,KOCHER Martina,3.942 9,12.938 10,29.681 10,40.653 10,133.1,82.7,50.560 9,+0.669,3:22.166,0
2/10/2014,Olympic Games - Sochi,F,9,5,2,SUI,KOCHER Martina,3.953 12,12.948 12,29.656 10,40.601 8,135.4,84.1,50.454  6,+0.531,3:22.166,0
2/11/2014,Olympic Games - Sochi,F,9,5,3,SUI,KOCHER Martina,3.951 10,12.946 12,29.661 9,40.663 9,132.3,82.2,50.593 8,+0.828,3:22.166,0
2/11/2014,Olympic Games - Sochi,F,9,5,4,SUI,KOCHER Martina,3.939 7,12.908 9,29.579 10,40.605 9,132.5,82.3,50.559 8,+0.370,3:22.166,0
2/10/2014,Olympic Games - Sochi,F,10,3,1,USA,HANSEN Kate,3.932 5,12.901 6,29.695 11,40.779 11,130.4,81,50.794 10,+0.903,3:22.667,0
2/10/2014,Olympic Games - Sochi,F,10,3,2,USA,HANSEN Kate,3.950  7,12.926 9,29.652 9,40.653 11,131.9,81.9,50.581 11,+0.658,3:22.667,0
2/11/2014,Olympic Games - Sochi,F,10,3,3,USA,HANSEN Kate,3.941 6,12.893 6,29.707 13,40.799 13,131.2,81.5,50.793 13,+1.028,3:22.667,0
2/11/2014,Olympic Games - Sochi,F,10,3,4,USA,HANSEN Kate,3.941 8,12.880 5,29.519 6,40.555 6,131.7,81.8,50.499 6,+0.310,3:22.667,0
2/10/2014,Olympic Games - Sochi,F,11,1,1,RUS,BATURINA Ekaterina,3.936 6,12.946 11,29.595 4,40.529 2,121.8,75.7,51.263 21,+1.372,3:22.731,0
2/10/2014,Olympic Games - Sochi,F,11,1,2,RUS,BATURINA Ekaterina,3.947 6,12.932 10,29.613 7,40.559 6,132.9,82.6,50.457 8,+0.534,3:22.731,0
2/11/2014,Olympic Games - Sochi,F,11,1,3,RUS,BATURINA Ekaterina,3.942 7,12.934 10,29.596 8,40.626 8,131.9,81.9,50.629 10,+0.864,3:22.731,0
2/11/2014,Olympic Games - Sochi,F,11,1,4,RUS,BATURINA Ekaterina,3.934 6,12.891 7,29.443 3,40.417 3,131.8,81.9,50.382 4,+0.193,3:22.731,0
2/10/2014,Olympic Games - Sochi,F,12,21,1,LAT,TIRUMA Eliza,3.960 14,12.973 14,29.860 14,40.941 14,133,82.6,50.926 11,+1.035,3:23.071,0
2/10/2014,Olympic Games - Sochi,F,12,21,2,LAT,TIRUMA Eliza,3.963 13,12.943 11,29.711 12,40.749 12,134,83.3,50.651 12,+0.728,3:23.071,0
2/11/2014,Olympic Games - Sochi,F,12,21,3,LAT,TIRUMA Eliza,3.969 16,12.956 13,29.678 11,40.728 11,132.2,82.1,50.758 12,+0.993,3:23.071,0
2/11/2014,Olympic Games - Sochi,F,12,21,4,LAT,TIRUMA Eliza,3.967 15,12.939 14,29.616 13,40.714 13,132.2,82.1,50.736 13,+0.547,3:23.071,0
2/10/2014,Olympic Games - Sochi,F,13,22,1,CAN,JONES Arianne,3.943 10,12.972 13,29.880 15,40.989 16,132.1,82.1,50.993 13,+1.102,3:23.183,0
2/10/2014,Olympic Games - Sochi,F,13,22,2,CAN,JONES Arianne,3.950  7,12.957 13,29.756 14,40.807 13,132.1,82.1,50.837 15,+0.914,3:23.183,0
2/11/2014,Olympic Games - Sochi,F,13,22,3,CAN,JONES Arianne,3.947 9,12.944 11,29.677 10,40.746 12,132.7,82.4,50.745 11,+0.980,3:23.183,0
2/11/2014,Olympic Games - Sochi,F,13,22,4,CAN,JONES Arianne,3.953 11,12.928 12,29.603 12,40.643 12,132.7,82.4,50.608 10,+0.419,3:23.183,0
2/10/2014,Olympic Games - Sochi,F,14,6,1,ITA,GASPARINI Sandra,3.957 13,12.962 12,29.773 12,40.823 12,129,80.1,51.032 14,+1.141,3:23.756,0
2/10/2014,Olympic Games - Sochi,F,14,6,2,ITA,GASPARINI Sandra,3.966 14,12.968 14,29.774 15,40.836 14,132.4,82.3,50.803 14,+0.880,3:23.756,0
2/11/2014,Olympic Games - Sochi,F,14,6,3,ITA,GASPARINI Sandra,3.967 13,12.983 15,29.781 15,40.906 14,131,81.4,50.959 14,+1.194,3:23.756,0
2/11/2014,Olympic Games - Sochi,F,14,6,4,ITA,GASPARINI Sandra,3.967 15,12.962 15,29.735 15,40.866 15,130.5,81.1,50.962 15,+0.773,3:23.756,0
2/10/2014,Olympic Games - Sochi,F,15,25,1,USA,BRITCHER Summer,3.963 15,13.001 17,29.889 16,41.051 17,129.9,80.7,51.222 19,+1.331,3:24.143,0
2/10/2014,Olympic Games - Sochi,F,15,25,2,USA,BRITCHER Summer,3.978 16,13.023 21,29.865 19,40.958 19,132.3,82.2,50.930 16,+1.007,3:24.143,0
2/11/2014,Olympic Games - Sochi,F,15,25,3,USA,BRITCHER Summer,3.967 13,12.982 14,29.776 14,40.938 15,130.2,80.9,51.082 16,+1.317,3:24.143,0
2/11/2014,Olympic Games - Sochi,F,15,25,4,USA,BRITCHER Summer,3.947 9,12.932 13,29.650 14,40.790 14,129.8,80.6,50.909 14,+0.720,3:24.143,0
2/10/2014,Olympic Games - Sochi,F,16,19,1,POL,WOJTUSCISZYN Natalia,4.005 24,13.076 25,29.997 21,41.127 21,131.7,81.8,51.138 16,+1.247,3:24.646,0
2/10/2014,Olympic Games - Sochi,F,16,19,2,POL,WOJTUSCISZYN Natalia,4.016 26,13.079 27,29.947 22,41.077 22,130.2,80.9,51.168 22,+1.245,3:24.646,0
2/11/2014,Olympic Games - Sochi,F,16,19,3,POL,WOJTUSCISZYN Natalia,4.002 22,13.044 22,29.894 18,41.059=19,132.5,82.3,51.141 19,+1.376,3:24.646,0
2/11/2014,Olympic Games - Sochi,F,16,19,4,POL,WOJTUSCISZYN Natalia,4.016 26,13.059 27,29.887=20,41.079 18,130.1,80.8,51.199 18,+1.010,3:24.646,0
2/10/2014,Olympic Games - Sochi,F,17,18,1,AUT,KASTLUNGER Miriam,3.994 21,13.042 20,29.965 19,41.053 18,117.9,73.2,51.622 24,+1.731,3:24.665,0
2/10/2014,Olympic Games - Sochi,F,17,18,2,AUT,KASTLUNGER Miriam,4.003 24,13.017 20,29.833=17,40.855 15,132.7,82.4,50.795 13,+0.872,3:24.665,0
2/11/2014,Olympic Games - Sochi,F,17,18,3,AUT,KASTLUNGER Miriam,4.004=23,13.039 20,29.921 20,41.059=19,130.8,81.3,51.139 18,+1.374,3:24.665,0
2/11/2014,Olympic Games - Sochi,F,17,18,4,AUT,KASTLUNGER Miriam,3.999 22,12.997 19,29.815 17,40.989 16,130.1,80.8,51.109 16,+0.920,3:24.665,0
2/10/2014,Olympic Games - Sochi,F,18,20,1,LAT,ZIRNE Ulla,4.011 25,13.069 24,29.934 17,41.072 19,131.3,81.6,51.125 15,+1.234,3:24.685,0
2/10/2014,Olympic Games - Sochi,F,18,20,2,LAT,ZIRNE Ulla,4.018 27,13.065 24,29.910 20,41.004 20,129.4,80.4,51.159 21,+1.236,3:24.685,0
2/11/2014,Olympic Games - Sochi,F,18,20,3,LAT,ZIRNE Ulla,4.024 28,13.060=23,29.881 17,41.008 16,130.9,81.3,51.054 15,+1.289,3:24.685,0
2/11/2014,Olympic Games - Sochi,F,18,20,4,LAT,ZIRNE Ulla,4.022=27,13.062=28,29.934 24,41.193 21,129.8,80.6,51.347 21,+1.158,3:24.685,0
2/10/2014,Olympic Games - Sochi,F,19,17,1,ITA,VOETTER Andrea,3.970 17,12.991 16,29.824 13,40.905 13,132.5,82.3,50.937 12,+1.046,3:25.059,0
2/10/2014,Olympic Games - Sochi,F,19,17,2,ITA,VOETTER Andrea,3.979 17,12.986 15,29.736 13,40.943 17,125,77.6,51.592 27,+1.669,3:25.059,0
2/11/2014,Olympic Games - Sochi,F,19,17,3,ITA,VOETTER Andrea,3.986 18,13.007 17,29.853 16,41.014 17,130.8,81.2,51.240 20,+1.475,3:25.059,0
2/11/2014,Olympic Games - Sochi,F,19,17,4,ITA,VOETTER Andrea,3.981 17,12.972 17,29.864 19,41.117 19,130.5,81.1,51.290 20,+1.101,3:25.059,0
2/10/2014,Olympic Games - Sochi,F,20,13,1,AUT,REITHMAYER Nina,3.967 16,12.977 15,30.181 25,41.307 24,134.6,83.6,51.225 20,+1.334,3:25.156,0
2/10/2014,Olympic Games - Sochi,F,20,13,2,AUT,REITHMAYER Nina,3.987 19,13.014 19,30.154 28,41.237 24,134.8,83.8,51.143 20,+1.220,3:25.156,0
2/11/2014,Olympic Games - Sochi,F,20,13,3,AUT,REITHMAYER Nina,3.971 17,12.984 16,30.173 24,41.447 23,131.2,81.5,51.614 22,+1.849,3:25.156,0
2/11/2014,Olympic Games - Sochi,F,20,13,4,AUT,REITHMAYER Nina,3.986=18,12.995 18,29.857 18,41.078 17,133.1,82.7,51.174 17,+0.985,3:25.156,0
2/10/2014,Olympic Games - Sochi,F,21,23,1,POL,KULS Ewa,3.972 18,13.030 18,30.034 22,41.225 23,130.5,81.1,51.362 22,+1.471,3:25.367,0
2/10/2014,Olympic Games - Sochi,F,21,23,2,POL,KULS Ewa,3.970 15,12.992 16,29.809 16,40.953 18,130.9,81.3,51.031 18,+1.108,3:25.367,0
2/11/2014,Olympic Games - Sochi,F,21,23,3,POL,KULS Ewa,3.968 15,13.009 18,29.945 21,41.204 21,129.6,80.5,51.424 21,+1.659,3:25.367,0
2/11/2014,Olympic Games - Sochi,F,21,23,4,POL,KULS Ewa,3.966 14,13.021 21,29.916 22,41.246 23,128,79.5,51.550 22,+1.361,3:25.367,0
2/10/2014,Olympic Games - Sochi,F,22,14,1,ITA,ROBATSCHER Sandra,4.016 26,13.045 21,29.950 18,40.988 15,123.8,76.9,51.589 23,+1.698,3:25.506,0
2/10/2014,Olympic Games - Sochi,F,22,14,2,ITA,ROBATSCHER Sandra,3.994 20,13.002 17,29.833=17,40.869 16,129.4,80.4,50.981 17,+1.058,3:25.506,0
2/11/2014,Olympic Games - Sochi,F,22,14,3,ITA,ROBATSCHER Sandra,4.004=23,13.027 19,30.247 29,41.54 26,130.1,80.8,51.678 23,+1.913,3:25.506,0
2/11/2014,Olympic Games - Sochi,F,22,14,4,ITA,ROBATSCHER Sandra,4.005 25,13.032 23,29.922 23,41.146 20,130.4,81,51.258 19,+1.069,3:25.506,0
2/10/2014,Olympic Games - Sochi,F,23,24,1,AUT,PLATZER Birgit,3.986 20,13.047 22,29.980 20,41.123 20,131.6,81.8,51.201 17,+1.310,3:26.576,0
2/10/2014,Olympic Games - Sochi,F,23,24,2,AUT,PLATZER Birgit,3.998 22,13.069 25,30.269 31,41.485 29,132.3,82.2,51.518 25,+1.595,3:26.576,0
2/11/2014,Olympic Games - Sochi,F,23,24,3,AUT,PLATZER Birgit,3.988 19,13.061 25,30.223 28,41.535 25,129.8,80.6,51.760 24,+1.995,3:26.576,0
2/11/2014,Olympic Games - Sochi,F,23,24,4,AUT,PLATZER Birgit,4.000 23,13.035 24,30.381 30,41.795 30,129,80.2,52.097 28,+1.908,3:26.576,0
2/10/2014,Olympic Games - Sochi,F,24,26,1,CZE,KOTENOVA Vendula,4.064 31,13.164 31,30.270 29,41.532 27,128.6,79.9,51.760 25,+1.869,3:26.675,0
2/10/2014,Olympic Games - Sochi,F,24,26,2,CZE,KOTENOVA Vendula,4.062 30,13.136 30,30.096 26,41.277 26,130.8,81.3,51.492 24,+1.569,3:26.675,0
2/11/2014,Olympic Games - Sochi,F,24,26,3,CZE,KOTENOVA Vendula,4.046 30,13.086 28,30.060 22,41.442 22,128.6,79.9,51.856 26,+2.091,3:26.675,0
2/11/2014,Olympic Games - Sochi,F,24,26,4,CZE,KOTENOVA Vendula,4.046 30,13.062=28,29.958 25,41.283 24,130.1,80.8,51.567 24,+1.378,3:26.675,0
2/10/2014,Olympic Games - Sochi,F,25,16,1,SVK,GBUROVA Viera,3.976 19,13.031 19,30.081 24,41.417 25,127.3,79.1,51.928 27,+2.037,3:26.697,0
2/10/2014,Olympic Games - Sochi,F,25,16,2,SVK,GBUROVA Viera,3.982 18,13.023=21,29.962 24,41.205 23,130.5,81.1,51.422 23,+1.499,3:26.697,0
2/11/2014,Olympic Games - Sochi,F,25,16,3,SVK,GBUROVA Viera,3.991 20,13.060=23,30.093 23,41.45 24,129.1,80.2,51.782 25,+2.017,3:26.697,0
2/11/2014,Olympic Games - Sochi,F,25,16,4,SVK,GBUROVA Viera,3.992 21,13.019 20,29.887=20,41.194 22,128.4,79.8,51.565 23,+1.376,3:26.697,0
2/10/2014,Olympic Games - Sochi,F,26,30,1,UKR,STETSKIV Olena,3.997 22,13.068 23,30.347 31,41.721 30,127.4,79.2,52.064 28,+2.173,3:27.497,0
2/10/2014,Olympic Games - Sochi,F,26,30,2,UKR,STETSKIV Olena,4.006 25,13.063 23,30.061 25,41.292 27,128.2,79.7,51.553 26,+1.630,3:27.497,0
2/11/2014,Olympic Games - Sochi,F,26,30,3,UKR,STETSKIV Olena,4.015=26,13.078 27,30.201 26,41.593 28,126.9,78.8,51.991 28,+2.226,3:27.497,0
2/11/2014,Olympic Games - Sochi,F,26,30,4,UKR,STETSKIV Olena,4.003 24,13.028 22,29.986 26,41.41 26,125.7,78.1,51.889 26,+1.700,3:27.497,0
2/10/2014,Olympic Games - Sochi,F,27,31,1,FRA,BONNEFOY Morgane,4.022 28,13.119 28,30.212 26,41.53 26,128.9,80.1,51.820 26,+1.929,3:27.592,0
2/10/2014,Olympic Games - Sochi,F,27,31,2,FRA,BONNEFOY Morgane,4.021 28,13.093 29,30.107 27,41.378 28,129,80.1,51.641 28,+1.718,3:27.592,0
2/11/2014,Olympic Games - Sochi,F,27,31,3,FRA,BONNEFOY Morgane,4.031 29,13.128 29,30.209 27,41.591 27,127.7,79.3,51.948 27,+2.183,3:27.592,0
2/11/2014,Olympic Games - Sochi,F,27,31,4,FRA,BONNEFOY Morgane,4.032 29,13.092 30,30.331 29,41.778 29,127.7,79.3,52.183 30,+1.994,3:27.592,0
2/10/2014,Olympic Games - Sochi,F,28,28,1,KAZ,AXENOVA Yelizaveta,4.061 30,13.160 30,30.225 27,41.661 29,127.3,79.1,52.068 29,+2.177,3:28.085,0
2/10/2014,Olympic Games - Sochi,F,28,28,2,KAZ,AXENOVA Yelizaveta,4.064 31,13.155 31,30.171 29,41.518 30,128.6,79.9,51.836 30,+1.913,3:28.085,0
2/11/2014,Olympic Games - Sochi,F,28,28,3,KAZ,AXENOVA Yelizaveta,4.055 31,13.152 31,30.282 30,41.799 30,125.9,78.2,52.340 30,+2.575,3:28.085,0
2/11/2014,Olympic Games - Sochi,F,28,28,4,KAZ,AXENOVA Yelizaveta,4.055 31,13.099 31,30.002 27,41.411 27,127.1,79,51.841 25,+1.652,3:28.085,0
2/10/2014,Olympic Games - Sochi,F,29,27,1,KOR,SUNG Eunryung,4.003 23,13.107 27,30.277 30,41.754 31,126.5,78.6,52.173 30,+2.282,3:28.743,0
2/10/2014,Olympic Games - Sochi,F,29,27,2,KOR,SUNG Eunryung,3.999 23,13.085 28,30.198 30,41.601 31,128.6,79.9,51.960 31,+2.037,3:28.743,0
2/11/2014,Olympic Games - Sochi,F,29,27,3,KOR,SUNG Eunryung,4.014 25,13.137 30,30.364 31,41.931 31,126.3,78.5,52.486 31,+2.721,3:28.743,0
2/11/2014,Olympic Games - Sochi,F,29,27,4,KOR,SUNG Eunryung,3.991 20,13.043 26,30.118 28,41.646 28,127.3,79.1,52.124 29,+1.935,3:28.743,0
2/10/2014,Olympic Games - Sochi,F,30,29,1,ROU,STRAMATURARU Raluca,4.042 29,13.159 29,30.257 28,41.613 28,110.9,68.9,52.862 31,+2.971,3:29.004,0
2/10/2014,Olympic Games - Sochi,F,30,29,2,ROU,STRAMATURARU Raluca,3.995 21,13.013 18,29.952 23,41.248 25,122.6,76.1,51.821 29,+1.898,3:29.004,0
2/11/2014,Olympic Games - Sochi,F,30,29,3,ROU,STRAMATURARU Raluca,3.999 21,13.072 26,30.175 25,41.673 29,124.9,77.6,52.238 29,+2.473,3:29.004,0
2/11/2014,Olympic Games - Sochi,F,30,29,4,ROU,STRAMATURARU Raluca,3.986=18,12.971 16,29.78 16,41.32 25,123.1,76.5,52.083 27,+1.894,3:29.004,0
2/10/2014,Olympic Games - Sochi,F,31,15,1,UKR,SHKHUMOVA Olena,4.020 27,13.097 26,30.076 23,41.159 22,130.4,81,51.211 18,+1.320,3:34.847,0
2/10/2014,Olympic Games - Sochi,F,31,15,2,UKR,SHKHUMOVA Olena,4.032 29,13.073 26,29.919 21,41.01 21,130.4,81,51.092 19,+1.169,3:34.847,0
2/11/2014,Olympic Games - Sochi,F,31,15,3,UKR,SHKHUMOVA Olena,4.015=26,13.042 21,29.906 19,41.033 18,131,81.4,51.128 17,+1.363,3:34.847,0
2/11/2014,Olympic Games - Sochi,F,31,15,4,UKR,SHKHUMOVA Olena,4.022=27,13.040 25,34.651 31,49.328 31,112.5,69.9,1:01.416 31,+11.227,3:34.847,0