Name,Division,Wins,Loses,Draws,Nickname,Height,Weight,Reach,Stance,DOB
Aalon Cruz,Lightweight,8,4,0,NA,"6' 0""",145 lbs.,"78""",Switch,1989-09-20
Aaron Jeffery,Middleweight,6,1,0,NA,"6' 2""",185 lbs.,"74""",Orthodox,1992-11-14
Aaron Phillips,Bantamweight,12,4,0,The Dragon,"5' 9""",135 lbs.,"71""",Southpaw,1989-08-05
Abdul Razak Alhassan,Middleweight,10,4,0,NA,"5' 10""",170 lbs.,"73""",Orthodox,1985-08-11
Abdul-Kerim Edilov,Light Heavyweight,16,4,0,NA,"6' 2""",205 lbs.,,Orthodox,1991-11-25
Abu Azaitar,Middleweight,14,3,1,Captain Morocco,"5' 9""",185 lbs.,"76""",Orthodox,1986-03-10
Abubakar Nurmagomedov,Welterweight,16,3,1,NA,"5' 11""",170 lbs.,"72""",Orthodox,1989-11-13
Adam Milstead,Light Heavyweight,8,3,0,The Prototype,"6' 3""",205 lbs.,"76""",Orthodox,1987-07-03
Adam Wieczorek,Heavyweight,10,2,0,Siwy,"6' 5""",250 lbs.,"81""",Orthodox,1992-02-05
Adam Yandiev,Middleweight,9,1,0,NA,"5' 9""",185 lbs.,"74""",Orthodox,1988-08-07
Adlan Amagov,Welterweight,13,2,1,Borz,"6' 2""",170 lbs.,"76""",Orthodox,1986-10-30
Adrian Yanez,Bantamweight,14,3,0,NA,"5' 7""",135 lbs.,"70""",Orthodox,1993-11-29
Aiemann Zahabi,Bantamweight,8,2,0,NA,"5' 8""",135 lbs.,"68""",Orthodox,1987-11-19
Aisling Daly,Women's Strawweight,16,5,0,Ais the Bash,"5' 2""",115 lbs.,"64""",Orthodox,1987-12-24
Al Iaquinta,Lightweight,14,6,1,Raging,"5' 10""",155 lbs.,"70""",Orthodox,1987-04-30
Alan Baudot,Heavyweight,8,3,0,The Black Samourai,"6' 3""",243 lbs.,"79""",Orthodox,1988-02-01
Alan Belcher,Middleweight,17,7,0,The Talent,"6' 2""",185 lbs.,"75""",Orthodox,1984-04-24
Alan Jouban,Welterweight,17,7,0,Brahma,"6' 0""",170 lbs.,"73""",Southpaw,1981-11-25
Alan Patrick,Lightweight,15,3,0,Nuguette,"5' 11""",155 lbs.,"74""",Southpaw,1983-07-19
Alberto Emiliano Pereira,Middleweight,9,2,0,Uda,,,,,
Alberto Mina,Welterweight,13,1,0,Soldier of God,"6' 0""",170 lbs.,"77""",Orthodox,1982-05-02
Alejandro Perez,Bantamweight,22,8,1,Turbo,"5' 6""",145 lbs.,"67""",Orthodox,1989-09-02
Aleksa Camur,Light Heavyweight,6,2,0,NA,"6' 1""",205 lbs.,"74""",Orthodox,1995-09-25
Aleksandar Rakic,Light Heavyweight,14,2,0,NA,"6' 4""",205 lbs.,"78""",Orthodox,1992-02-06
Aleksander Doskalchuk,Flyweight,10,2,0,NA,"5' 6""",125 lbs.,,Southpaw,1990-03-13
Aleksandra Albu,Women's Strawweight,7,2,0,Stitch,"5' 2""",115 lbs.,"63""",Orthodox,1990-07-14
Alen Amedovski,Middleweight,8,2,0,NA,"5' 10""",185 lbs.,"74""",Orthodox,1988-04-06
Alessio Di Chirico,Middleweight,13,5,0,Manzo,"6' 0""",185 lbs.,"74""",Orthodox,1989-12-12
Alex Caceres,Featherweight,18,12,0,Bruce Leeroy,"5' 10""",145 lbs.,"73""",Southpaw,1988-06-20
Alex Chambers,Women's Strawweight,5,4,0,Astro Girl,"5' 3""",115 lbs.,"63""",Southpaw,1978-10-25
Alex da Silva Coelho,Lightweight,21,2,0,Leko,"5' 8""",155 lbs.,"73""",Orthodox,1996-02-04
Alex Garcia,Welterweight,15,5,0,The Dominican Nightmare,"5' 9""",170 lbs.,"72""",Orthodox,1987-07-14
Alex Gorgees,Lightweight,7,1,0,Hitman,"6' 2""",155 lbs.,"74""",Switch,1995-08-11
Alex Morono,Welterweight,19,7,0,The Great White,"5' 11""",170 lbs.,"72""",Orthodox,1990-08-16
Alex Munoz,Lightweight,6,2,0,NA,"5' 9""",155 lbs.,"72""",Switch,1990-02-27
Alex Oliveira,Welterweight,22,10,1,Cowboy,"5' 11""",170 lbs.,"76""",Orthodox,1988-02-21
Alex Perez,Flyweight,24,6,0,NA,"5' 6""",125 lbs.,"65""",Orthodox,1992-03-21
Alex Reyes,Lightweight,13,3,0,The Executioner,"5' 11""",170 lbs.,"73""",Orthodox,1986-10-02
Alex White,Lightweight,13,6,0,The Spartan,"6' 0""",155 lbs.,"71""",Southpaw,1988-10-22
Alexa Grasso,Women's Flyweight,13,3,0,NA,"5' 5""",125 lbs.,"66""",Orthodox,1993-08-09
Alexander Gustafsson,Heavyweight,18,7,0,The Mauler,"6' 5""",205 lbs.,"79""",Orthodox,1987-01-15
Alexander Hernandez,Lightweight,12,4,0,The Great,"5' 9""",155 lbs.,"72""",Orthodox,1992-10-01
Alexander Romanov,Heavyweight,14,0,0,King Kong,"6' 2""",262 lbs.,"75""",Southpaw,1990-12-11
Alexander Volkanovski,Featherweight,22,1,0,The Great,"5' 6""",145 lbs.,"71""",Orthodox,1988-09-29
Alexander Volkov,Heavyweight,33,9,0,Drago,"6' 7""",250 lbs.,"80""",Orthodox,1988-10-24
Alexander Yakovlev,Lightweight,24,10,1,Russian Thunder,"6' 3""",155 lbs.,"74""",Southpaw,1984-07-18
Alexandre Pantoja,Flyweight,23,5,0,The Cannibal,"5' 5""",125 lbs.,"67""",Orthodox,1990-04-16
Alexey Kunchenko,Welterweight,20,2,0,NA,"5' 8""",170 lbs.,"70""",Orthodox,1984-05-02
Alexey Oleinik,Heavyweight,59,16,1,The Boa Constrictor,"6' 2""",240 lbs.,"80""",Orthodox,1977-06-20
Alexis Davis,Women's Bantamweight,20,11,0,NA,"5' 6""",135 lbs.,"68""",Orthodox,1984-10-04
Ali AlQaisi,Bantamweight,8,5,0,The Royal Fighter,"5' 6""",135 lbs.,"68""",Orthodox,1990-09-23
Aliaskhab Khizriev,Middleweight,13,0,0,Black Wolf,"5' 9""",185 lbs.,"74""",Southpaw,1990-08-24
Alistair Overeem,Heavyweight,47,19,0,The Demolition Man,"6' 4""",265 lbs.,"80""",Orthodox,1980-05-17
Aljamain Sterling,Bantamweight,20,3,0,Funk Master,"5' 7""",135 lbs.,"71""",Orthodox,1989-07-31
Allan Nascimento,Flyweight,0,0,0,Puro Osso,"5' 9""",125 lbs.,,Orthodox,1991-09-11
Allen Crowder,Heavyweight,10,3,0,Pretty Boy,"6' 3""",245 lbs.,"76""",Orthodox,1989-11-08
Alonzo Menifield,Light Heavyweight,10,2,0,Atomic,"6' 0""",205 lbs.,"76""",Orthodox,1987-10-18
Alvaro Herrera,Welterweight,9,6,0,Chango,,,,,
Amanda Bobby Brundage,Women's Strawweight,4,5,0,ABC,"5' 3""",115 lbs.,"64""",Switch,1991-10-22
Amanda Lemos,Women's Strawweight,10,1,1,NA,"5' 4""",115 lbs.,"65""",Southpaw,1987-05-22
Amanda Nunes,Women's Bantamweight,21,4,0,The Lioness,"5' 8""",145 lbs.,"69""",Orthodox,1988-05-30
Amanda Ribas,Women's Strawweight,10,2,0,NA,"5' 3""",125 lbs.,"66""",Orthodox,1993-08-26
Amir Albazi,Flyweight,14,1,0,The Prince,"5' 5""",125 lbs.,"68""",Orthodox,1993-10-27
Anderson dos Santos,Bantamweight,21,8,0,Berinja,"5' 5""",135 lbs.,"70""",Orthodox,1985-07-24
Anderson Silva,Middleweight,34,11,0,The Spider,"6' 2""",185 lbs.,"77""",Southpaw,1975-04-14
Andre Ewell,Bantamweight,17,8,0,Mr. Highlight,"5' 8""",135 lbs.,"75""",Southpaw,1988-01-21
Andre Fili,Featherweight,21,8,0,Touchy,"5' 11""",145 lbs.,"74""",Orthodox,1990-06-25
Andre Muniz,Middleweight,21,4,0,Sergipano,"6' 1""",185 lbs.,"78""",Southpaw,1990-02-17
Andre Soukhamthath,Bantamweight,13,7,0,The Asian Sensation,"5' 9""",135 lbs.,"70""",Orthodox,1988-10-23
Andrea Lee,Women's Flyweight,12,5,0,KGB,"5' 6""",125 lbs.,"69""",Orthodox,1989-02-11
Andreas Michailidis,Middleweight,13,4,0,The Spartan,"6' 0""",185 lbs.,"76""",Orthodox,1988-07-18
Andrei Arlovski,Heavyweight,31,20,0,The Pit Bull,"6' 3""",240 lbs.,"77""",Orthodox,1979-02-04
Andrew Sanchez,Middleweight,13,6,0,El Dirte,"6' 1""",185 lbs.,"74""",Orthodox,1988-04-08
Angela Hill,Women's Strawweight,13,9,0,Overkill,"5' 3""",115 lbs.,"64""",Orthodox,1985-01-12
Anna Elmose,Women's Strawweight,3,2,0,Panda,"5' 3""",115 lbs.,,Orthodox,1984-10-06
Ante Delija,Heavyweight,17,3,0,Walking Trouble,"6' 4""",245 lbs.,,Orthodox,1990-08-07
Anthony Birchak,Bantamweight,16,8,0,El Toro,"5' 8""",135 lbs.,"69""",Orthodox,1986-05-16
Anthony Hernandez,Middleweight,8,2,0,Fluffy,"6' 0""",185 lbs.,"75""",Orthodox,1993-10-18
Anthony Ivy,Welterweight,8,4,0,Aquaman,"6' 2""",185 lbs.,"74""",Orthodox,1990-01-23
Anthony Johnson,Light Heavyweight,22,6,0,Rumble,"6' 2""",205 lbs.,"78""",Orthodox,1984-03-06
Anthony Pettis,Welterweight,23,10,0,Showtime,"5' 10""",155 lbs.,"72""",Orthodox,1987-01-27
Anthony Rocco Martin,Welterweight,17,6,0,NA,"6' 0""",170 lbs.,"73""",Orthodox,1989-12-11
Anthony Smith,Light Heavyweight,35,16,0,Lionheart,"6' 4""",205 lbs.,"76""",Orthodox,1988-07-26
Antonina Shevchenko,Women's Flyweight,9,3,0,La Pantera,"5' 8""",125 lbs.,"67""",Southpaw,1984-11-20
Antonio Arroyo,Middleweight,9,4,0,NA,"6' 3""",185 lbs.,"73""",Orthodox,1989-07-01
Antonio Braga Neto,Middleweight,9,3,0,NA,"6' 3""",185 lbs.,"77""",Orthodox,1987-10-29
Antonio Carlos Jr.,Middleweight,11,4,0,Cara de Sapato,"6' 2""",185 lbs.,"79""",Orthodox,1990-03-16
Antonio Rodrigo Nogueira,Heavyweight,34,10,1,Minotauro,"6' 3""",240 lbs.,"77""",Orthodox,1976-06-02
Antonio Rogerio Nogueira,Light Heavyweight,23,10,0,Minotouro,"6' 2""",205 lbs.,"75""",Southpaw,1976-06-02
Ariane Carnelossi,Women's Strawweight,13,2,0,Sorriso,"5' 2""",115 lbs.,"61""",Orthodox,1992-11-17
Ariane Lipski,Women's Flyweight,13,7,0,Queen of Violence,"5' 6""",125 lbs.,"67""",Orthodox,1994-01-26
Arjan Singh Bhullar,Heavyweight,9,1,0,NA,"6' 1""",245 lbs.,"75""",Orthodox,1986-05-13
Arman Tsarukyan,Lightweight,16,2,0,Ahalkalakets,"5' 7""",155 lbs.,"72""",Orthodox,1996-10-11
Arnold Allen,Featherweight,17,1,0,Almighty,"5' 8""",145 lbs.,"70""",Southpaw,1994-01-22
Artem Lobov,Featherweight,14,15,1,The Russian Hammer,"5' 9""",145 lbs.,"65""",Southpaw,1986-08-11
Ashkan Mokhtarian,Flyweight,13,3,0,The Assassin,"5' 6""",125 lbs.,"67""",Southpaw,1985-09-15
Ashlee Evans-Smith,Women's Bantamweight,6,5,0,Rebel Girl,"5' 8""",135 lbs.,"67""",Orthodox,1987-07-09
Ashley Yoder,Women's Strawweight,8,7,0,Spider Monkey,"5' 7""",115 lbs.,"69""",Southpaw,1987-10-20
Askar Askar,Bantamweight,11,1,0,AK-47,"5' 7""",145 lbs.,"69""",Orthodox,1994-08-19
Askar Askarov,Flyweight,13,0,1,Bullet,"5' 6""",125 lbs.,"67""",Orthodox,1992-10-09
Aspen Ladd,Women's Bantamweight,9,1,0,NA,"5' 6""",135 lbs.,"66""",Orthodox,1995-03-01
Augusto Sakai,Heavyweight,15,3,1,NA,"6' 3""",265 lbs.,"77""",Orthodox,1991-05-09
Austin Arnett,Featherweight,16,6,0,Golden Boy,"6' 0""",145 lbs.,"72""",Orthodox,1991-10-22
Austin Hubbard,Lightweight,13,5,0,Thud,"5' 10""",155 lbs.,"71""",Orthodox,1991-12-22
Austin Lingo,Featherweight,8,1,0,Lights Out,"5' 10""",145 lbs.,"70""",Orthodox,1994-07-10
Austin Springer,Featherweight,10,4,0,NA,"5' 8""",145 lbs.,"71""",Orthodox,1987-05-12
Bartosz Fabinski,Middleweight,15,5,0,The Butcher,"6' 0""",170 lbs.,"75""",Orthodox,1986-04-26
Bea Malecki,Women's Bantamweight,4,0,0,NA,"5' 9""",135 lbs.,"74""",Orthodox,1991-08-23
Belal Muhammad,Welterweight,19,3,0,Remember The Name,"5' 11""",170 lbs.,"72""",Orthodox,1988-07-09
Ben Askren,Welterweight,19,2,0,Funky,"5' 11""",170 lbs.,"73""",Orthodox,1984-07-18
Ben Nguyen,Flyweight,17,8,0,10,"5' 5""",125 lbs.,"65""",Switch,1988-08-03
Ben Rothwell,Heavyweight,39,13,0,NA,"6' 4""",265 lbs.,"78""",Orthodox,1981-10-17
Ben Saunders,Welterweight,22,13,2,Killa B,"6' 2""",170 lbs.,"77""",Orthodox,1983-04-13
Ben Sosoli,Heavyweight,0,1,0,Combat Wombat,"6' 0""",265 lbs.,"72""",Southpaw,1989-12-10
Beneil Dariush,Lightweight,21,4,1,NA,"5' 10""",155 lbs.,"72""",Southpaw,1989-05-06
Benito Lopez,Bantamweight,10,1,0,Golden Boy,"5' 10""",135 lbs.,"73""",Switch,1994-04-06
Bethe Correia,Women's Bantamweight,11,5,1,Pitbull,"5' 5""",135 lbs.,"64""",Orthodox,1983-06-22
Bevon Lewis,Middleweight,8,3,0,NA,"6' 3""",185 lbs.,"79""",Orthodox,1991-05-05
Bharat Khandare,Bantamweight,5,3,0,Daring,"5' 7""",135 lbs.,"72""",Orthodox,1987-06-20
Bill Algeo,Featherweight,14,6,0,Senor Perfecto,"6' 0""",145 lbs.,"73""",Switch,1989-06-09
Billy Quarantillo,Featherweight,16,3,0,NA,"5' 10""",145 lbs.,"70""",Orthodox,1988-12-08
B.J. Penn,Lightweight,16,14,2,The Prodigy,"5' 9""",155 lbs.,"70""",Orthodox,1978-12-13
Blagoy Ivanov,Heavyweight,18,4,0,Baga,"5' 11""",250 lbs.,"73""",Southpaw,1986-10-09
Bobby Green,Lightweight,27,11,1,King,"5' 10""",155 lbs.,"71""",Orthodox,1986-09-09
Bobby Moffett,Featherweight,12,5,0,The Wolfman,"5' 10""",145 lbs.,"73""",Orthodox,1990-06-01
Boston Salmon,Bantamweight,6,3,0,Boom Boom,"5' 9""",135 lbs.,"69""",Southpaw,1990-11-20
Brad Katona,Bantamweight,9,1,0,Superman,"5' 6""",135 lbs.,"64""",Orthodox,1991-12-19
Brad Pickett,Bantamweight,26,14,0,One Punch,"5' 6""",135 lbs.,"68""",Orthodox,1978-09-24
Brad Riddell,Lightweight,10,1,0,Quake,"5' 7""",155 lbs.,"71""",Orthodox,1991-09-30
Brad Tavares,Middleweight,19,7,0,NA,"6' 1""",185 lbs.,"74""",Orthodox,1987-12-21
Bradley Scott,Welterweight,12,6,0,Bear,,,,,
Brandon Michael Davis,Featherweight,10,7,0,Killer B,"5' 10""",135 lbs.,"72""",Orthodox,1990-05-08
Brandon Moreno,Flyweight,19,5,2,The Assassin Baby,"5' 7""",125 lbs.,"70""",Orthodox,1993-12-07
Brandon Royval,Flyweight,12,4,0,Raw Dawg,"5' 9""",125 lbs.,"68""",Southpaw,1992-08-16
Brendan Allen,Middleweight,17,4,0,All In,"6' 2""",185 lbs.,"75""",Orthodox,1995-12-28
Brendan Schaub,Heavyweight,11,5,0,Big Brown,"6' 4""",245 lbs.,"78""",Orthodox,1983-03-18
Brett Johns,Bantamweight,17,2,0,The Pikey,"5' 7""",135 lbs.,"71""",Orthodox,1992-02-21
Brian Kelleher,Featherweight,22,12,0,Boom,"5' 6""",145 lbs.,"66""",Switch,1986-08-19
Brian Ortega,Featherweight,15,1,0,T-City,"5' 8""",145 lbs.,"69""",Switch,1991-02-21
Brianna Van Buren,Women's Strawweight,9,3,0,The Bull,"5' 0""",115 lbs.,"62""",Southpaw,1993-08-04
Brock Lesnar,Heavyweight,6,3,0,NA,"6' 3""",265 lbs.,"81""",Orthodox,1977-07-12
Brok Weaver,Lightweight,15,6,0,Chata TUska,"6' 0""",155 lbs.,"73""",Southpaw,1991-12-05
Bruno Marcelo de Oliveira,Light Heavyweight,0,0,0,NA,"6' 4""",205 lbs.,"80""",Orthodox,1984-05-02
Bruno Rodrigues Mesquita,Bantamweight,4,2,0,NA,,,,,
Bruno Silva,Middleweight,20,6,0,Blindado,"6' 0""",185 lbs.,,,1989-07-13
Bruno Silva,Flyweight,12,5,2,Bulldog,"6' 0""",185 lbs.,,,1989-07-13
Bryan Barberena,Welterweight,15,7,0,Bam Bam,"6' 0""",170 lbs.,"72""",Southpaw,1989-05-03
Bryan Caraway,Bantamweight,21,10,0,Kid Lightning,"5' 8""",135 lbs.,"68""",Orthodox,1984-08-04
Bryce Mitchell,Featherweight,14,1,0,Thug Nasty,"5' 10""",145 lbs.,"70""",Southpaw,1994-10-04
Cain Velasquez,Heavyweight,14,3,0,NA,"6' 1""",240 lbs.,"77""",Orthodox,1982-07-28
Calen Born,Welterweight,7,1,0,NA,"5' 8""",170 lbs.,"72""",Switch,1988-05-24
Callan Potter,Lightweight,18,9,0,The Rockstar,"6' 0""",170 lbs.,"72""",Orthodox,1984-06-09
Calvin Kattar,Featherweight,22,5,0,NA,"5' 11""",145 lbs.,"72""",Orthodox,1988-03-26
Cameron Else,Bantamweight,10,5,0,NA,"5' 9""",135 lbs.,"71""",Switch,1987-04-27
Carla Esparza,Women's Strawweight,19,6,0,Cookie Monster,"5' 1""",115 lbs.,"63""",Orthodox,1987-10-10
Carlo Pedersoli Jr.,Welterweight,11,3,0,Semento,"5' 11""",170 lbs.,"75""",Southpaw,1993-06-08
Carlos Condit,Welterweight,32,14,0,The Natural Born Killer,"6' 2""",170 lbs.,"75""",Orthodox,1984-04-26
Carlos Felipe,Heavyweight,11,1,0,Boi,"6' 0""",245 lbs.,"75""",Orthodox,1995-01-12
Carlos Huachin,Bantamweight,10,5,1,Perro Malo,"5' 4""",135 lbs.,"67""",Southpaw,1996-06-04
Carlos Ulberg,Light Heavyweight,5,1,0,Black Jag,"6' 4""",205 lbs.,"77""",Orthodox,1990-11-07
Carlston Lindsay Harris,Welterweight,16,4,0,Moçambique,"6' 0""",170 lbs.,,,1987-07-09
Carlton Minus,Welterweight,10,3,0,Clutch,"5' 10""",170 lbs.,"75""",Orthodox,1993-04-26
Casey Kenney,Bantamweight,16,3,1,NA,"5' 7""",140 lbs.,"68""",Southpaw,1991-03-20
Casey O'Neill,Women's Flyweight,7,0,0,King,"5' 6""",125 lbs.,"69""",,1997-10-07
Cat Zingano,Women's Featherweight,10,4,0,Alpha,"5' 6""",145 lbs.,"68""",Southpaw,1982-07-01
C.B. Dollaway,Middleweight,18,10,0,The Doberman,"6' 2""",185 lbs.,"76""",Orthodox,1983-08-10
Cezar Ferreira,Middleweight,14,7,0,Mutante,"6' 1""",185 lbs.,"78""",Southpaw,1985-02-15
Chad Laprise,Welterweight,14,4,0,The Disciple,"5' 10""",170 lbs.,"71""",Orthodox,1986-07-23
Chad Mendes,Featherweight,18,5,0,Money,"5' 6""",145 lbs.,"66""",Orthodox,1985-05-01
Chan Sung Jung,Featherweight,17,6,0,The Korean Zombie,"5' 7""",145 lbs.,"72""",Orthodox,1987-03-17
Chance Rencountre,Welterweight,14,4,0,Black Eagle,"6' 2""",170 lbs.,"75""",Southpaw,1986-12-31
Chanmi Jeon,Women's Strawweight,5,2,0,Ottogi Girl,,,,,
Charles Byrd,Middleweight,10,7,0,Kid Dynamite,"5' 10""",185 lbs.,"73""",Orthodox,1983-10-11
Charles Jourdain,Featherweight,10,3,1,Air,"5' 9""",145 lbs.,"69""",Switch,1995-11-27
Charles Oliveira,Lightweight,31,8,0,Do Bronx,"5' 10""",155 lbs.,"74""",Orthodox,1989-10-17
Charles Rosa,Featherweight,14,5,0,Boston Strong,"5' 9""",145 lbs.,"69""",Switch,1986-08-24
Charlie Ontiveros,Middleweight,11,7,0,The American Bad Boy,"6' 2""",185 lbs.,"78""",Switch,1991-07-04
Chas Skelly,Featherweight,18,3,0,The Scrapper,"5' 11""",145 lbs.,"72""",Orthodox,1985-05-11
Chase Hooper,Featherweight,10,2,1,The Dream,"6' 1""",145 lbs.,"74""",Southpaw,1999-09-13
Chase Sherman,Heavyweight,15,7,0,The Vanilla Gorilla,"6' 4""",250 lbs.,"78""",Orthodox,1989-11-16
Chelsea Hackett,Women's Flyweight,0,0,0,NA,"5' 4""",125 lbs.,"66""",Switch,1998-08-16
Cheyanne Buys,Women's Strawweight,5,2,0,NA,"5' 3""",115 lbs.,"63""",Switch,1995-06-25
Chris Barnett,Heavyweight,21,7,0,Beastboy,,,,,
Chris Daukaus,Heavyweight,11,3,0,NA,"6' 3""",250 lbs.,"76""",Orthodox,1989-09-25
Chris de la Rocha,Heavyweight,5,3,0,NA,"6' 3""",250 lbs.,"80""",Orthodox,1979-05-15
Chris Fishgold,Featherweight,18,4,1,NA,"5' 8""",145 lbs.,"68""",Orthodox,1992-06-06
Chris Gruetzemacher,Lightweight,14,4,0,Gritz,"5' 8""",155 lbs.,"68""",Orthodox,1986-06-16
Chris Gutierrez,Bantamweight,16,3,2,El Guapo,"5' 9""",145 lbs.,"67""",Orthodox,1991-04-22
Chris Holdsworth,Bantamweight,7,0,0,Holds It Down,"5' 11""",135 lbs.,,,1987-10-24
Chris Weidman,Middleweight,15,6,0,The All-American,"6' 2""",185 lbs.,"78""",Orthodox,1984-06-17
Christian Aguilera,Welterweight,14,8,0,The Beast,"5' 9""",170 lbs.,"72""",Switch,1991-11-25
Christos Giagos,Lightweight,19,8,0,The Spartan,"5' 10""",155 lbs.,"71""",Orthodox,1990-01-23
Ciryl Gane,Heavyweight,9,0,0,Bon Gamin,"6' 4""",245 lbs.,"81""",Orthodox,1990-04-12
Claudia Gadelha,Women's Strawweight,18,5,0,Claudinha,"5' 4""",115 lbs.,"63""",Orthodox,1988-12-07
Claudio Puelles,Lightweight,11,2,0,El Nino,"5' 11""",155 lbs.,"72""",Southpaw,1996-04-21
Claudio Silva,Welterweight,14,3,0,Hannibal,"5' 11""",170 lbs.,"71""",Southpaw,1982-09-06
Clay Collard,Featherweight,14,7,0,Cassius,"5' 11""",145 lbs.,"73""",Orthodox,1993-03-10
Clay Guida,Lightweight,36,17,0,The Carpenter,"5' 7""",155 lbs.,"70""",Orthodox,1981-12-08
Cody Durden,Flyweight,11,2,1,NA,"5' 7""",125 lbs.,"67""",Southpaw,1991-03-29
Cody Garbrandt,Bantamweight,12,4,0,No Love,"5' 8""",135 lbs.,"65""",Orthodox,1991-07-07
Cody Stamann,Bantamweight,19,4,1,Spartan,"5' 6""",145 lbs.,"64""",Orthodox,1989-11-09
Colby Covington,Welterweight,15,2,0,Chaos,"5' 11""",170 lbs.,"72""",Orthodox,1988-02-22
Cole Smith,Bantamweight,7,2,0,The Cole Train,"5' 11""",135 lbs.,"67""",Orthodox,1989-04-05
Cole Williams,Welterweight,11,3,0,Havoc,"6' 0""",170 lbs.,"73""",Orthodox,1983-12-15
Collin Anglin,Featherweight,8,1,0,NA,"5' 9""",145 lbs.,"71""",Orthodox,1993-02-20
Collin Huckbody,Middleweight,1,0,0,All In,"6' 3""",185 lbs.,"76""",Orthodox,1994-09-29
Conor McGregor,Lightweight,22,6,0,The Notorious,"5' 9""",155 lbs.,"74""",Southpaw,1988-07-14
Corey Anderson,Light Heavyweight,14,5,0,Overtime,"6' 3""",205 lbs.,"79""",Orthodox,1989-09-22
Cortney Casey,Women's Bantamweight,9,8,0,Cast Iron,"5' 7""",125 lbs.,"67""",Orthodox,1987-05-05
Cory McKenna,Women's Strawweight,5,1,0,The Hobbit,"5' 3""",115 lbs.,"58""",Orthodox,1999-11-07
Cory Sandhagen,Bantamweight,14,3,0,NA,"5' 11""",135 lbs.,"70""",Switch,1992-04-20
Costas Philippou,Middleweight,13,5,0,NA,,,,,
Court McGee,Welterweight,21,10,0,The Crusher,"5' 11""",170 lbs.,"75""",Orthodox,1984-12-12
Craig White,Welterweight,14,9,0,The Thundercat,"6' 2""",170 lbs.,"76""",Orthodox,1990-07-01
Cristiane Justino,Women's Featherweight,20,2,0,NA,"5' 8""",145 lbs.,"68""",Orthodox,1985-07-09
Cub Swanson,Featherweight,27,12,0,NA,"5' 8""",145 lbs.,"70""",Orthodox,1983-11-02
Curtis Blaydes,Heavyweight,14,3,0,Razor,"6' 4""",265 lbs.,"80""",Orthodox,1991-02-18
Curtis Millender,Welterweight,17,5,0,Curtious,"6' 2""",170 lbs.,"76""",Orthodox,1987-12-01
Cynthia Calvillo,Women's Flyweight,9,1,1,NA,"5' 4""",125 lbs.,"64""",Orthodox,1987-07-13
Cyril Asker,Heavyweight,9,4,0,Silverback,"6' 0""",247 lbs.,"74""",Orthodox,1985-12-24
Da Un Jung,Light Heavyweight,14,2,1,Sseda,,,,,
Dakota Bush,Lightweight,8,3,0,NA,,,,,
Dalcha Lungiambula,Middleweight,11,2,0,Champion,"5' 8""",185 lbs.,"76""",Orthodox,1987-07-31
Damian Stasiak,Bantamweight,10,6,0,Webster,"5' 5""",135 lbs.,"70""",Orthodox,1990-02-20
Damir Hadzovic,Lightweight,14,6,0,NA,"5' 9""",155 lbs.,"70""",Orthodox,1986-08-08
Damir Ismagulov,Lightweight,23,1,0,NA,"5' 9""",155 lbs.,"70""",Orthodox,1991-02-03
Damon Jackson,Featherweight,18,3,1,The Leech,"5' 11""",145 lbs.,"71""",Switch,1988-08-08
Dan Hardy,Welterweight,25,10,0,The Outlaw,"6' 0""",170 lbs.,"74""",Orthodox,1982-05-17
Dan Henderson,Middleweight,32,15,0,Hendo,"5' 11""",185 lbs.,"74""",Orthodox,1970-08-24
Dan Hooker,Lightweight,20,10,0,The Hangman,"6' 0""",155 lbs.,"75""",Switch,1990-02-13
Dan Ige,Featherweight,15,4,0,50K,"5' 7""",145 lbs.,"71""",Orthodox,1991-08-06
Dan Moret,Lightweight,13,6,0,The Hitman,"6' 0""",155 lbs.,"73""",Southpaw,1986-11-21
Danaa Batgerel,Bantamweight,9,2,0,Storm,,,,,
Daniel Cormier,Heavyweight,22,3,0,DC,"5' 11""",235 lbs.,"72""",Orthodox,1979-03-20
Daniel Pineda,Featherweight,27,14,0,The Pit,"5' 7""",145 lbs.,"69""",Orthodox,1985-08-06
Daniel Rodriguez,Welterweight,15,2,0,D-Rod,"6' 1""",170 lbs.,"74""",Southpaw,1986-12-31
Daniel Spitz,Heavyweight,6,3,0,Daddy Long Legs,"6' 7""",245 lbs.,"82""",Orthodox,1990-07-31
Daniel Teymur,Featherweight,7,4,0,Kid Dynamite,"5' 5""",145 lbs.,"69""",Orthodox,1988-02-03
Danilo Belluardo,Lightweight,12,5,0,Caterpillar,"6' 0""",155 lbs.,"74""",Southpaw,1994-07-21
Danilo Marques,Light Heavyweight,11,3,0,NA,"6' 6""",205 lbs.,"77""",Orthodox,1985-12-26
Danny Chavez,Featherweight,11,4,0,The Colombian Warrior,"5' 8""",145 lbs.,"67""",Orthodox,1987-03-14
Danny Henry,Featherweight,12,4,0,The Hatchet,"6' 0""",145 lbs.,"73""",Orthodox,1988-07-17
Danny Roberts,Welterweight,17,5,0,Hot Chocolate,"6' 1""",170 lbs.,"74""",Southpaw,1987-07-14
Danny Sabatello,Bantamweight,0,0,0,NA,"5' 10""",135 lbs.,"71""",Orthodox,1993-03-31
Danyelle Wolf,Women's Featherweight,1,0,0,NA,"5' 11""",145 lbs.,"70""",Orthodox,1983-09-08
Darko Stosic,Light Heavyweight,13,4,0,NA,"6' 0""",205 lbs.,"76""",Orthodox,1992-02-09
Darrell Horcher,Lightweight,13,4,0,The Saint,"5' 10""",155 lbs.,"70""",Southpaw,1987-07-28
Darren Elkins,Featherweight,27,9,0,The Damage,"5' 10""",145 lbs.,"71""",Orthodox,1984-05-16
Darren Stewart,Light Heavyweight,12,7,0,The Dentist,"6' 0""",185 lbs.,"74""",Orthodox,1990-12-30
Darren Till,Middleweight,18,3,1,The Gorilla,"6' 0""",185 lbs.,"74""",Southpaw,1992-12-24
Darrick Minner,Featherweight,26,12,0,NA,"5' 7""",145 lbs.,"69""",Orthodox,1990-04-28
Davey Grant,Bantamweight,13,5,0,Dangerous,"5' 8""",135 lbs.,"69""",Orthodox,1985-12-18
Davi Ramos,Lightweight,10,4,0,Tasmanian Devil,"5' 6""",155 lbs.,"70""",Orthodox,1986-11-05
David Branch,Middleweight,22,6,0,NA,"6' 1""",185 lbs.,"78""",Orthodox,1981-09-26
David Dvorak,Flyweight,20,3,0,Undertaker,"5' 5""",125 lbs.,"68""",Orthodox,1992-06-05
David Teymur,Lightweight,8,2,0,NA,"5' 9""",155 lbs.,"73""",Southpaw,1989-05-01
David Zawada,Welterweight,17,6,0,Sagat,"6' 0""",170 lbs.,"75""",Orthodox,1990-08-01
Deiveson Figueiredo,Flyweight,20,2,1,Deus da Guerra,"5' 5""",125 lbs.,"68""",Orthodox,1987-12-18
Demian Maia,Welterweight,28,11,0,NA,"6' 1""",170 lbs.,"72""",Southpaw,1977-11-06
Dennis Bermudez,Lightweight,18,9,0,The Menace,"5' 6""",155 lbs.,"66""",Orthodox,1986-12-13
Denys Bondar,Flyweight,12,1,0,Psycho,"5' 6""",125 lbs.,,Orthodox,1992-06-27
Dequan Townsend,Middleweight,21,12,0,The Tarantula,"6' 3""",205 lbs.,"79""",Orthodox,1986-05-11
Derek Brunson,Middleweight,22,7,0,NA,"6' 1""",185 lbs.,"77""",Southpaw,1984-01-04
Deron Winn,Catchweight,6,2,0,NA,"5' 6""",185 lbs.,"70""",Orthodox,1989-06-13
Derrick Krantz,Welterweight,24,11,0,D-Rock,"5' 10""",170 lbs.,"72""",Orthodox,1988-01-13
Derrick Lewis,Heavyweight,25,7,0,The Black Beast,"6' 3""",260 lbs.,"79""",Orthodox,1985-02-07
Desmond Green,Lightweight,23,7,0,The Predator,"5' 10""",155 lbs.,"73""",Southpaw,1989-10-11
Devin Clark,Light Heavyweight,12,5,0,Brown Bear,"6' 0""",205 lbs.,"75""",Orthodox,1990-04-12
Devin Powell,Lightweight,9,4,0,NA,"6' 0""",155 lbs.,"73""",Orthodox,1988-03-01
Devonte Smith,Lightweight,11,2,0,King Kage,"5' 9""",155 lbs.,"76""",Orthodox,1993-07-30
Dhiego Lima,Welterweight,17,9,0,NA,"6' 2""",170 lbs.,"75""",Orthodox,1989-01-31
Diana Belbita,Women's Strawweight,14,6,0,The Warrior Princess,"5' 7""",125 lbs.,"68""",Orthodox,1996-06-26
Diego Ferreira,Lightweight,17,4,0,NA,"5' 9""",155 lbs.,"74""",Orthodox,1985-01-18
Diego Sanchez,Welterweight,31,13,0,Nightmare,"5' 10""",170 lbs.,"72""",Southpaw,1981-12-31
Dion Staring,Heavyweight,0,0,0,Soldier,"6' 1""",235 lbs.,,Orthodox,1978-06-09
Dmitriy Sosnovskiy,Heavyweight,10,0,0,NA,"6' 3""",240 lbs.,"77""",Orthodox,1989-07-06
Dmitry Smoliakov,Heavyweight,9,2,0,The Lifeguard,"6' 2""",253 lbs.,"74""",Switch,1982-08-05
Domingo Pilarte,Bantamweight,9,2,0,Son of Fire,"6' 0""",135 lbs.,"73""",Southpaw,1990-01-05
Dominick Cruz,Bantamweight,23,3,0,The Dominator,"5' 8""",135 lbs.,"68""",Orthodox,1985-03-09
Dominick Reyes,Light Heavyweight,12,3,0,The Devastator,"6' 4""",205 lbs.,"77""",Southpaw,1989-12-26
Don Madge,Lightweight,9,3,1,Magic Man,"6' 0""",155 lbs.,"72""",Southpaw,1990-11-12
Donald Cerrone,Welterweight,36,16,0,Cowboy,"6' 1""",155 lbs.,"73""",Orthodox,1983-03-29
Dong Hyun Kim,Welterweight,22,4,1,The Stun Gun,"6' 2""",170 lbs.,"76""",Southpaw,1981-11-17
Dong Hyun Ma,Lightweight,16,11,3,Maestro,"5' 11""",155 lbs.,"70""",Orthodox,1988-09-09
Dongi Yang,Middleweight,12,3,0,The Ox,"5' 10""",185 lbs.,"73""",Southpaw,1984-12-07
Don'Tale Mayes,Heavyweight,8,4,0,Lord Kong,"6' 6""",260 lbs.,"81""",Orthodox,1992-01-16
Doo Ho Choi,Featherweight,14,3,0,The Korean Superboy,"5' 10""",145 lbs.,"70""",Orthodox,1991-04-10
Doug Marshall,Light Heavyweight,7,2,0,The Rhino,"5' 10""",205 lbs.,,Orthodox,1975-09-09
Douglas Silva de Andrade,Featherweight,26,4,0,D Silva,"5' 7""",145 lbs.,"68""",Orthodox,1985-06-22
Drakkar Klose,Lightweight,11,2,1,NA,"5' 9""",155 lbs.,"70""",Orthodox,1988-03-09
Drako Rodriguez,Bantamweight,7,2,0,NA,"5' 8""",135 lbs.,"69""",Orthodox,1996-06-16
Drew Dober,Lightweight,23,11,0,NA,"5' 8""",155 lbs.,"70""",Southpaw,1988-10-19
Drew Fickett,Welterweight,31,5,0,The Master,"5' 10""",155 lbs.,"70""",Orthodox,1979-12-14
Dricus Du Plessis,Middleweight,16,2,0,Stillknocks,"6' 1""",185 lbs.,"76""",Switch,1994-01-14
Duda Santana,,3,1,0,Cowboyzinha,"5' 7""",145 lbs.,"73""",Orthodox,1996-01-10
Dusko Todorovic,Middleweight,10,2,0,Thunder,"6' 1""",185 lbs.,"74""",Orthodox,1994-05-19
Dustin Jacoby,Light Heavyweight,14,5,1,The Hanyak,"6' 3""",205 lbs.,"76""",Orthodox,1988-04-04
Dustin Joynson,Heavyweight,0,0,0,NA,"6' 6""",244 lbs.,"78""",Orthodox,1985-10-14
Dustin Ortiz,Flyweight,19,8,0,NA,"5' 5""",125 lbs.,"65""",Orthodox,1988-12-25
Dustin Poirier,Lightweight,28,6,0,The Diamond,"5' 9""",155 lbs.,"72""",Southpaw,1989-01-19
Dustin Stoltzfus,Middleweight,13,3,0,NA,"6' 0""",185 lbs.,"75""",Orthodox,1991-11-15
Dwight Grant,Welterweight,11,3,0,The Body Snatcher,"6' 1""",170 lbs.,"76""",Switch,1984-09-14
Ed Herman,Light Heavyweight,27,14,0,Short Fuse,"6' 1""",205 lbs.,"77""",Orthodox,1980-10-02
Eddie Alvarez,Lightweight,29,6,0,The Underground King,"5' 9""",155 lbs.,"69""",Orthodox,1984-01-11
Eddie Wineland,Bantamweight,24,15,1,NA,"5' 7""",135 lbs.,"69""",Orthodox,1984-06-26
Edmen Shahbazyan,Middleweight,11,2,0,The Golden Boy,"6' 2""",185 lbs.,"74""",Orthodox,1997-11-20
Edson Barboza,Featherweight,22,9,0,Junior,"5' 11""",145 lbs.,"75""",Orthodox,1986-01-21
Edson Gomez,Welterweight,0,0,0,NA,"5' 8""",170 lbs.,"69""",Switch,1991-02-23
Elias Garcia,Flyweight,6,2,0,NA,"5' 5""",125 lbs.,"67""",Southpaw,1992-09-13
Elias Theodorou,Middleweight,17,3,0,The Spartan,"6' 1""",185 lbs.,"75""",Orthodox,1988-05-31
Elias Urbina,Middleweight,3,1,0,NA,"6' 3""",185 lbs.,"77""",Southpaw,1993-10-09
Elise Reed,Women's Flyweight,0,1,0,NA,,,,,
Elizeu Zaleski dos Santos,Welterweight,22,7,0,Capoeira,"5' 11""",170 lbs.,"73""",Orthodox,1986-12-11
Emil Meek,Welterweight,9,5,1,Valhalla,"5' 11""",170 lbs.,"74""",Switch,1988-08-20
Emily Whitmire,Women's Strawweight,4,3,0,Spitfire,"5' 5""",115 lbs.,"63""",Orthodox,1991-05-24
Enrique Barzola,Bantamweight,17,5,2,El Fuerte,"5' 7""",145 lbs.,"70""",Orthodox,1989-04-28
Eric Shelton,Flyweight,12,6,0,Showtime,"5' 6""",125 lbs.,"68""",Orthodox,1991-02-02
Eric Spicely,Middleweight,12,6,0,Zebrinha,"6' 1""",185 lbs.,"73""",Orthodox,1986-09-29
Ericka Almeida,Women's Strawweight,7,2,0,NA,"5' 6""",115 lbs.,,Orthodox,1989-03-05
Erik Koch,Welterweight,16,6,0,New Breed,"5' 10""",170 lbs.,"71""",Southpaw,1988-10-04
Erin Blanchfield,Women's Bantamweight,6,1,0,Cold Blooded,,,,,
Eryk Anders,Light Heavyweight,14,5,0,Ya Boi,"6' 1""",185 lbs.,"75""",Southpaw,1987-04-21
Evan Dunham,Lightweight,18,8,1,NA,"5' 10""",155 lbs.,"70""",Southpaw,1981-12-18
Fabio Cherant,Light Heavyweight,7,2,0,Water Buffalo,"6' 1""",205 lbs.,,Southpaw,1994-11-25
Fabricio Werdum,Heavyweight,24,8,1,Vai Cavalo,"6' 4""",231 lbs.,"77""",Orthodox,1977-07-30
Fares Ziam,Lightweight,12,3,0,Smile Killer,"6' 1""",155 lbs.,"75""",Orthodox,1997-03-21
Felice Herrig,Women's Strawweight,14,9,0,Lil Bulldog,"5' 4""",115 lbs.,"65""",Orthodox,1984-09-18
Felicia Spencer,Women's Featherweight,8,3,0,FeeNom,"5' 6""",145 lbs.,"68""",Orthodox,1990-11-29
Felipe Dias Colares,Featherweight,10,2,0,Cabocao,"5' 8""",135 lbs.,"69""",Orthodox,1994-03-31
Felipe Silva,Lightweight,8,2,0,NA,"6' 0""",155 lbs.,"77""",Orthodox,1984-05-08
Forrest Griffin,Light Heavyweight,19,7,0,NA,"6' 3""",205 lbs.,"77""",Orthodox,1979-03-16
Francis Ngannou,Heavyweight,16,3,0,The Predator,"6' 4""",250 lbs.,"83""",Orthodox,1986-09-05
Francisco Figueiredo,Flyweight,12,4,1,Sniper,"5' 6""",135 lbs.,"69""",Southpaw,1989-10-23
Francisco Trinaldo,Welterweight,26,8,0,Massaranduba,"5' 9""",155 lbs.,"70""",Southpaw,1978-08-24
Frank Camacho,Lightweight,22,9,0,The Crank,"5' 10""",170 lbs.,"73""",Orthodox,1989-05-18
Frankie Edgar,Bantamweight,23,9,1,The Answer,"5' 6""",135 lbs.,"68""",Orthodox,1981-10-16
Frankie Saenz,Bantamweight,13,6,0,NA,"5' 6""",135 lbs.,"66""",Orthodox,1980-08-12
Gabriel Benitez,Featherweight,22,10,0,Moggly,"5' 8""",155 lbs.,"71""",Southpaw,1988-06-15
Gabriel Green,Welterweight,10,3,0,Gifted,,,,,
Gabriel Silva,Bantamweight,7,2,0,NA,"5' 6""",135 lbs.,"71""",Orthodox,1994-08-26
Gadzhimurad Antigulov,Light Heavyweight,20,8,0,NA,"5' 11""",205 lbs.,"70""",Orthodox,1987-02-09
Gaetano Pirrello,Bantamweight,15,6,1,El Tigre,"5' 7""",135 lbs.,,Orthodox,1992-04-29
Gavin Tucker,Featherweight,13,2,0,Guv'nor,"5' 6""",145 lbs.,"66""",Southpaw,1986-06-17
Geoff Neal,Welterweight,13,4,0,Handz of Steel,"5' 11""",170 lbs.,"75""",Southpaw,1990-08-28
George Sullivan,Welterweight,17,7,0,The Silencer,"6' 0""",170 lbs.,"73""",Orthodox,1981-03-13
Georges St. Pierre,Middleweight,26,2,0,Rush,"5' 11""",185 lbs.,"76""",Orthodox,1981-05-19
Gerald Meerschaert,Middleweight,32,14,0,GM3,"6' 1""",185 lbs.,"77""",Southpaw,1987-12-18
Geraldo de Freitas Jr.,Bantamweight,12,6,0,Spartan,"5' 7""",135 lbs.,"72""",Orthodox,1991-09-30
Germaine de Randamie,Women's Bantamweight,10,4,0,The Iron Lady,"5' 9""",135 lbs.,"71""",Orthodox,1984-04-24
Giacomo Lemos,Heavyweight,6,0,0,The Viking,"6' 3""",247 lbs.,"75""",Orthodox,1989-06-23
Gian Villante,Heavyweight,17,13,0,NA,"6' 3""",230 lbs.,"76""",Orthodox,1985-08-18
Giga Chikadze,Featherweight,13,2,0,NA,"6' 0""",145 lbs.,"74""",Orthodox,1988-08-25
Gilbert Burns,Welterweight,20,4,0,Durinho,"5' 10""",170 lbs.,"71""",Orthodox,1986-07-20
Gilbert Melendez,Lightweight,22,7,0,El Niño,"5' 9""",145 lbs.,"73""",Orthodox,1982-04-12
Gillian Robertson,Women's Flyweight,9,6,0,The Savage,"5' 5""",125 lbs.,"63""",Orthodox,1995-05-17
Gina Mazany,Women's Flyweight,7,5,0,Danger,"5' 6""",125 lbs.,"68""",Southpaw,1988-08-19
Gloria de Paula,Women's Strawweight,5,3,0,Glorinha,"5' 5""",115 lbs.,"67""",Orthodox,1995-06-10
Glover Teixeira,Light Heavyweight,31,7,0,NA,"6' 2""",205 lbs.,"76""",Orthodox,1979-10-28
Gokhan Saki,Light Heavyweight,1,2,0,The Rebel,"6' 0""",205 lbs.,"73""",Orthodox,1983-10-19
Grant Dawson,Lightweight,17,1,0,KGD,"5' 10""",145 lbs.,"72""",Switch,1994-02-20
Gray Maynard,Featherweight,14,8,1,NA,"5' 9""",155 lbs.,"70""",Orthodox,1979-05-09
Greg Hardy,Heavyweight,9,4,0,Prince of War,"6' 5""",265 lbs.,"80""",Orthodox,1988-07-28
Gregor Gillespie,Lightweight,14,1,0,The Gift,"5' 7""",155 lbs.,"71""",Orthodox,1986-11-13
Gregory Rodrigues,Middleweight,10,3,0,Robocop,"6' 3""",185 lbs.,"75""",Orthodox,1992-02-17
Grigory Popov,Bantamweight,13,3,0,NA,"5' 7""",135 lbs.,"68""",Switch,1984-04-18
Guan Wang,Featherweight,20,1,1,The Dongbei Tiger,"5' 9""",145 lbs.,"71""",Orthodox,1986-03-14
Guido Cannetti,Bantamweight,8,5,0,Ninja,"5' 6""",135 lbs.,"68""",Southpaw,1979-12-19
Gunnar Nelson,Welterweight,17,5,1,Gunni,"5' 11""",170 lbs.,"72""",Switch,1988-07-28
Guram Kutateladze,Lightweight,12,2,0,Georgian Viking,"5' 11""",155 lbs.,"72""",Orthodox,1992-01-08
Gustavo Lopez,Bantamweight,12,6,0,NA,"5' 5""",135 lbs.,"67""",Orthodox,1989-06-27
Hakeem Dawodu,Featherweight,12,2,1,Mean,"5' 8""",145 lbs.,"73""",Orthodox,1991-07-02
Hannah Cifers,Women's Strawweight,10,6,0,Shockwave,"5' 1""",115 lbs.,"62""",Orthodox,1992-06-26
Hannah Goldy,Women's Strawweight,5,2,0,24K,"5' 4""",125 lbs.,"61""",Orthodox,1992-05-18
Harry Hunsucker,Heavyweight,7,4,0,The Hurricane,"6' 2""",241 lbs.,"75""",Orthodox,1989-01-03
Hector Aldana,Welterweight,4,2,0,El Charro,"5' 11""",170 lbs.,"72""",Orthodox,1988-08-17
Hector Lombard,Middleweight,34,9,1,Showeather,"5' 9""",185 lbs.,"71""",Southpaw,1978-02-02
Hector Sandoval,Flyweight,14,4,0,Kid Alex,"5' 2""",125 lbs.,"64""",Orthodox,1986-07-19
Heili Alateng,Bantamweight,14,8,0,The Mongolian Knight,"5' 5""",135 lbs.,"66""",Orthodox,1991-12-14
Henry Cejudo,Bantamweight,16,2,0,The Messenger,"5' 4""",135 lbs.,"64""",Orthodox,1987-02-09
Herbert Burns,Featherweight,11,3,0,The Blaze,"5' 9""",145 lbs.,"73""",Orthodox,1988-02-02
Holly Holm,Women's Bantamweight,14,5,0,The Preacher's Daughter,"5' 8""",135 lbs.,"69""",Southpaw,1981-10-17
Humberto Bandenay,Featherweight,14,7,0,NA,"5' 11""",145 lbs.,"71""",Southpaw,1994-09-04
Hunter Azure,Bantamweight,9,2,0,NA,"5' 8""",145 lbs.,"69""",Orthodox,1992-03-02
Ian Heinisch,Middleweight,14,5,0,The Hurricane,"5' 11""",185 lbs.,"72""",Orthodox,1988-08-05
Ignacio Bahamondes,Lightweight,11,4,0,La Jaula,"6' 3""",170 lbs.,"75""",Orthodox,1997-08-27
Ihor Potieria,Light Heavyweight,0,0,0,NA,,,,,
Ilia Topuria,Featherweight,11,0,0,NA,"5' 7""",145 lbs.,"69""",Orthodox,1997-01-21
Ilir Latifi,Heavyweight,16,8,0,The Sledgehammer,"5' 10""",205 lbs.,"73""",Orthodox,1983-07-28
Impa Kasanganay,Welterweight,9,1,0,Tshilobo,"5' 11""",185 lbs.,"75""",Orthodox,1994-01-17
Ion Cutelaba,Light Heavyweight,15,6,1,The Hulk,"6' 1""",205 lbs.,"75""",Southpaw,1993-12-14
Irene Aldana,Women's Bantamweight,13,6,0,NA,"5' 9""",135 lbs.,"68""",Orthodox,1988-03-26
Irwin Rivera,Bantamweight,10,5,0,The Beast,"5' 6""",135 lbs.,"67""",Southpaw,1989-02-14
Isaac Villanueva,Light Heavyweight,18,12,0,Hurricane,,,,,
Isabela de Padua,Flyweight,0,1,0,Belinha,"5' 3""",125 lbs.,"64""",Orthodox,1991-09-04
Islam Makhachev,Lightweight,20,1,0,NA,"5' 10""",155 lbs.,"70""",Southpaw,1991-10-27
Ismail Naurdiev,Welterweight,19,4,0,The Austrian Wonderboy,"5' 10""",170 lbs.,"74""",Orthodox,1996-08-18
Israel Adesanya,Middleweight,21,1,0,The Last Stylebender,"6' 4""",185 lbs.,"80""",Switch,1989-07-22
Istela Nunes,Strawweight,0,0,0,NA,"5' 4""",115 lbs.,,,1992-07-23
Iuri Alcantara,Bantamweight,35,10,0,Marajo,"5' 9""",135 lbs.,"71""",Southpaw,1980-08-04
Ivan Shtyrkov,Light Heavyweight,16,0,1,Ural Hulk,"6' 0""",205 lbs.,"74""",Orthodox,1988-06-09
J.C. Cottrell,Lightweight,17,5,0,Superstar,,,,,
Jack Hermansson,Middleweight,22,6,0,The Joker,"6' 1""",185 lbs.,"77""",Orthodox,1988-06-10
Jack Marshman,Middleweight,23,10,0,The Hammer,"6' 0""",185 lbs.,"73""",Orthodox,1989-12-19
Jack Shore,Bantamweight,14,0,0,Tank,"5' 8""",135 lbs.,"71""",Orthodox,1995-02-06
Jacob Kilburn,Featherweight,8,4,0,The Killer,"5' 9""",145 lbs.,"72""",Orthodox,1995-06-28
Jacob Malkoun,Middleweight,5,1,0,Mamba,"5' 9""",185 lbs.,"73""",Orthodox,1995-08-26
Jai Herbert,Lightweight,10,3,0,Black Country Banger,"6' 1""",155 lbs.,"77""",Orthodox,1988-05-13
Jairzinho Rozenstruik,Heavyweight,12,2,0,Bigi Boy,"6' 4""",242 lbs.,"78""",Orthodox,1988-03-17
Jake Collier,Heavyweight,12,6,0,The Prototype,"6' 3""",230 lbs.,"78""",Orthodox,1988-10-25
Jake Ellenberger,Welterweight,31,15,0,The Juggernaut,"5' 9""",170 lbs.,"71""",Orthodox,1985-03-28
Jake Matthews,Welterweight,17,5,0,The Celtic Kid,"5' 11""",170 lbs.,"73""",Orthodox,1994-08-19
Jalin Turner,Lightweight,9,5,0,The Tarantula,"6' 3""",155 lbs.,"77""",Southpaw,1995-05-18
Jamahal Hill,Light Heavyweight,8,1,0,Sweet Dreams,"6' 4""",205 lbs.,"79""",Southpaw,1991-05-19
Jamall Emmers,Featherweight,18,5,0,Pretty Boy,"5' 10""",145 lbs.,"74""",Orthodox,1989-07-24
James Krause,Welterweight,28,9,0,The James Krause,"6' 2""",170 lbs.,"73""",Orthodox,1986-06-04
James Te Huna,Middleweight,18,9,0,NA,"6' 2""",185 lbs.,"75""",Orthodox,1981-09-29
James Terry,Lightweight,0,0,0,Intensity,"5' 10""",170 lbs.,,Orthodox,1981-03-16
James Vick,Welterweight,13,5,0,The Texecutioner,"6' 3""",155 lbs.,"76""",Orthodox,1987-02-23
Jamey Simmons,Bantamweight,7,3,0,The Afro Samurai,"5' 6""",145 lbs.,"70""",Orthodox,1992-09-11
Jamey-Lyn Horth,Women's Flyweight,0,0,0,NA,"5' 7""",125 lbs.,,,1990-03-30
Jamie Mullarkey,Lightweight,13,4,0,NA,"6' 0""",155 lbs.,"74""",Orthodox,1994-08-17
Jamie Pickett,Middleweight,11,6,0,The Night Wolf,"6' 2""",185 lbs.,"80""",Orthodox,1988-08-29
Jan Blachowicz,Light Heavyweight,28,8,0,NA,"6' 2""",205 lbs.,"78""",Orthodox,1983-02-24
Jared Cannonier,Middleweight,13,4,0,Tha Killa Gorilla,"5' 11""",185 lbs.,"77""",Switch,1984-03-16
Jared Gooden,Welterweight,17,6,0,NiteTrain,"6' 0""",170 lbs.,"77""",Orthodox,1993-12-05
Jared Gordon,Featherweight,17,4,0,Flash,"5' 9""",145 lbs.,"68""",Orthodox,1988-09-06
Jared Vanderaa,Heavyweight,12,5,0,NA,"6' 4""",260 lbs.,"80""",Orthodox,1992-05-12
Jarjis Danho,Heavyweight,7,1,1,Man Mountain,"6' 3""",265 lbs.,"74""",Orthodox,1983-10-15
Jarred Brooks,Flyweight,14,2,0,The Monkey God,"5' 3""",125 lbs.,"62""",Switch,1993-05-02
Jason Gonzalez,Lightweight,11,4,0,Nicoya,"6' 2""",155 lbs.,"74""",Southpaw,1990-02-28
Jason Miller,Welterweight,24,10,0,Mayhem,"6' 1""",185 lbs.,,Orthodox,1980-12-24
Jason Witt,Welterweight,18,7,0,The Vanilla Gorilla,"5' 10""",170 lbs.,"70""",Orthodox,1986-11-07
Jeff Hughes,Heavyweight,10,3,0,Lights Out,"6' 2""",250 lbs.,"77""",Orthodox,1988-05-17
Jeff Molina,Flyweight,9,2,0,El Jefe,,,,,
Jennifer Maia,Women's Flyweight,19,7,1,NA,"5' 4""",125 lbs.,"64""",Orthodox,1988-10-06
Jeremiah Wells,Welterweight,9,2,1,NA,"5' 9""",170 lbs.,,,1986-10-30
Jeremy Stephens,Lightweight,29,18,0,Lil' Heathen,"5' 9""",145 lbs.,"71""",Orthodox,1986-05-25
Jerome Rivera,Flyweight,10,6,0,Renegade,"5' 10""",145 lbs.,"72""",Southpaw,1995-04-22
Jesse Ronson,Welterweight,14,5,0,The Body Snatcher,"5' 10""",170 lbs.,"70""",Southpaw,1985-12-24
Jesse Strader,Bantamweight,5,2,0,Sui Generis,"5' 7""",135 lbs.,"70""",Orthodox,1991-05-29
Jesse Taylor,Middleweight,32,15,0,JT Money,"6' 0""",170 lbs.,"73""",Orthodox,1983-01-02
Jessica Aguilar,Women's Strawweight,20,8,0,Jag,"5' 3""",115 lbs.,"63""",Orthodox,1982-05-08
Jessica Andrade,Women's Flyweight,21,9,0,Bate Estaca,"5' 1""",115 lbs.,"62""",Orthodox,1991-09-25
Jessica Eye,Women's Flyweight,15,10,0,Evil,"5' 6""",125 lbs.,"66""",Orthodox,1986-07-27
Jessica Penne,Women's Strawweight,13,6,0,NA,"5' 5""",115 lbs.,"67""",Orthodox,1983-01-30
Jessica-Rose Clark,Women's Bantamweight,9,6,0,Jessy Jess,"5' 5""",125 lbs.,"64""",Orthodox,1987-11-28
Jessin Ayari,Lightweight,16,6,0,NA,"6' 0""",155 lbs.,"73""",Orthodox,1992-05-31
Jesus Pinedo,Lightweight,16,5,1,El Mudo,"5' 10""",155 lbs.,,Southpaw,1996-06-22
Ji Yeon Kim,Women's Flyweight,9,3,2,Firefist,"5' 7""",125 lbs.,"72""",Orthodox,1989-10-18
Jingliang Li,Welterweight,18,6,0,The Leech,"6' 0""",170 lbs.,"71""",Orthodox,1988-03-20
Jim Hettes,Featherweight,11,3,0,The Kid,"5' 9""",145 lbs.,"71""",Southpaw,1987-06-09
Jim Miller,Lightweight,32,16,0,A-10,"5' 8""",155 lbs.,"71""",Southpaw,1983-08-30
Jimi Manuwa,Light Heavyweight,17,6,0,Poster Boy,"6' 1""",205 lbs.,"79""",Orthodox,1980-02-18
Jimmie Rivera,Bantamweight,23,5,0,El Terror,"5' 4""",135 lbs.,"68""",Orthodox,1989-06-29
Jimmy Crute,Light Heavyweight,12,2,0,NA,"6' 2""",205 lbs.,"74""",Orthodox,1996-03-04
Jimmy Flick,Flyweight,16,5,0,The Brick,"5' 7""",125 lbs.,"68""",Orthodox,1990-09-07
Jin Soo Son,Lightweight,9,4,0,NA,"5' 6""",135 lbs.,"69""",Orthodox,1993-04-01
Jinh Yu Frey,Women's Strawweight,10,6,0,NA,"5' 3""",115 lbs.,"65""",Southpaw,1985-05-20
Jiri Prochazka,Light Heavyweight,28,3,1,Denisa,"6' 3""",205 lbs.,"80""",Orthodox,1992-10-14
J.J. Aldrich,Women's Flyweight,9,4,0,NA,"5' 5""",125 lbs.,"67""",Southpaw,1992-09-29
Joanna Jedrzejczyk,Women's Strawweight,16,4,0,NA,"5' 6""",115 lbs.,"65""",Orthodox,1987-08-18
Joanne Calderwood,Women's Flyweight,15,6,0,JoJo,"5' 6""",125 lbs.,"65""",Orthodox,1985-12-23
Joao Marcos Pierini,Welterweight,0,0,0,The Tazmanian Devil,"6' 1""",155 lbs.,,Switch,1971-12-11
Joaquim Silva,Lightweight,11,4,0,Netto BJJ,"5' 8""",155 lbs.,"69""",Southpaw,1989-02-05
Joaquin Buckley,Middleweight,12,4,0,New Mansa,"5' 10""",185 lbs.,"76""",Southpaw,1994-04-27
Joby Sanchez,Bantamweight,11,4,0,NA,"5' 6""",135 lbs.,"68""",Orthodox,1991-06-24
Jodie Esquibel,Women's Strawweight,6,6,0,NA,"5' 1""",115 lbs.,"64""",Orthodox,1986-05-07
Joe Ellenberger,Lightweight,15,2,0,Excalibur,"5' 9""",155 lbs.,"72""",Orthodox,1985-03-28
Joe Lauzon,Lightweight,28,16,0,NA,"5' 10""",155 lbs.,"71""",Orthodox,1984-05-22
Joe Solecki,Lightweight,11,2,0,NA,"5' 9""",155 lbs.,"70""",Orthodox,1993-08-27
Joel Alvarez,Lightweight,18,2,0,El Fenomeno,"6' 3""",155 lbs.,"77""",Orthodox,1994-03-02
John Allan,Light Heavyweight,13,5,0,NA,"6' 1""",205 lbs.,"75""",Orthodox,1993-02-22
John Castaneda,Bantamweight,18,5,0,Sexi Mexi,"5' 6""",135 lbs.,"71""",Switch,1991-12-18
John Dodson,Bantamweight,22,12,0,The Magician,"5' 3""",135 lbs.,"66""",Orthodox,1984-09-26
John Gunther,Lightweight,7,2,0,The Machine,"5' 9""",155 lbs.,"72""",Orthodox,1985-11-24
John Hathaway,Welterweight,17,2,0,The Hitman,"6' 1""",170 lbs.,"75""",Orthodox,1987-07-23
John Lineker,Bantamweight,31,9,0,Hands of Stone,"5' 3""",135 lbs.,"67""",Orthodox,1990-06-12
John Makdessi,Lightweight,18,7,0,The Bull,"5' 8""",155 lbs.,"68""",Orthodox,1985-05-03
John Moraga,Flyweight,19,7,0,Chicano,"5' 6""",125 lbs.,"66""",Orthodox,1984-03-20
John Phillips,Middleweight,22,11,0,The Welsh Wrecking Machine,"5' 11""",185 lbs.,"75""",Southpaw,1985-06-09
Johnny Eduardo,Bantamweight,28,12,0,NA,"5' 7""",135 lbs.,"71""",Orthodox,1978-08-03
Johnny Munoz Jr.,Bantamweight,10,1,0,NA,"5' 9""",145 lbs.,"71""",Orthodox,1993-02-16
Johnny Walker,Light Heavyweight,17,5,0,NA,"6' 6""",205 lbs.,"82""",Orthodox,1992-03-30
Johny Hendricks,Middleweight,18,8,0,Bigg Rigg,"5' 9""",185 lbs.,"69""",Southpaw,1983-09-12
Jon Jones,Light Heavyweight,26,1,0,Bones,"6' 4""",205 lbs.,"84""",Orthodox,1987-07-19
Jon Tuck,Lightweight,10,5,0,The Super Saiyan,"5' 11""",155 lbs.,"73""",Orthodox,1984-08-28
Jonathan Martinez,Bantamweight,13,4,0,Dragon,"5' 8""",135 lbs.,"70""",Southpaw,1994-04-20
Jonathan Pearce,Featherweight,10,4,0,JSP,"6' 0""",145 lbs.,"71""",Switch,1992-05-01
Jordan Espinosa,Flyweight,15,9,0,NA,"5' 6""",125 lbs.,"69""",Orthodox,1989-11-08
Jordan Griffin,Featherweight,18,9,0,NativePsycho,"5' 10""",145 lbs.,"73""",Southpaw,1990-02-28
Jordan Johnson,Light Heavyweight,10,0,0,NA,"6' 2""",205 lbs.,"79""",Orthodox,1988-11-18
Jordan Leavitt,Lightweight,8,1,0,The Monkey King,"5' 9""",155 lbs.,"71""",Southpaw,1995-06-02
Jordan Mein,Welterweight,30,12,0,Young Gun,"6' 0""",170 lbs.,"73""",Orthodox,1989-10-10
Jordan Rinaldi,Lightweight,14,7,0,NA,"5' 10""",145 lbs.,"72""",Orthodox,1987-09-25
Jordan Williams,Welterweight,9,5,0,Bomaye,"6' 1""",185 lbs.,"75""",Southpaw,1990-10-13
Jordan Wright,Middleweight,12,1,0,The Beverly Hills Ninja,"6' 2""",205 lbs.,"77""",Orthodox,1991-10-07
Jorge Gonzalez,Light Heavyweight,16,4,0,Street,"6' 2""",205 lbs.,"76""",Orthodox,1984-02-29
Jorge Masvidal,Welterweight,35,15,0,Gamebred,"5' 11""",170 lbs.,"74""",Orthodox,1984-11-12
Jose Alberto Quinonez,Bantamweight,9,5,0,El Teco,"5' 8""",135 lbs.,"69""",Southpaw,1990-07-28
Jose Aldo,Bantamweight,28,7,0,NA,"5' 7""",135 lbs.,"70""",Orthodox,1986-09-09
Jose Torres,Flyweight,8,1,0,Shorty,"5' 4""",125 lbs.,"65""",Orthodox,1992-08-02
Joselyne Edwards,Women's Bantamweight,7,1,0,La Pantera,"5' 8""",135 lbs.,"70""",Orthodox,1995-09-29
Joseph Benavidez,Flyweight,28,8,0,NA,"5' 4""",125 lbs.,"65""",Southpaw,1984-07-31
Joseph Duffy,Lightweight,16,5,0,Irish,"5' 10""",155 lbs.,"73""",Orthodox,1988-02-18
Joseph Lowry,Lightweight,7,1,0,NA,,,,,
Joseph Morales,Flyweight,9,2,0,Bopo,"5' 6""",125 lbs.,"69""",Switch,1994-08-22
Joseph Nathan Maness,Bantamweight,13,1,0,Mayham,,,,,
Josh Barnett,Heavyweight,35,8,0,The Warmaster,"6' 3""",250 lbs.,"78""",Orthodox,1977-11-10
Josh Emmett,Featherweight,16,2,0,NA,"5' 6""",145 lbs.,"70""",Orthodox,1985-03-04
Josh Parisian,Heavyweight,14,4,0,NA,"6' 4""",265 lbs.,"79""",Orthodox,1989-06-28
Joshua Culibao,Featherweight,9,1,1,Kuya,"5' 10""",155 lbs.,"73""",Orthodox,1994-05-24
Josiane Nunes,Women's Bantamweight,7,1,0,Josi,,135 lbs.,,,1993-12-23
Journey Newson,Bantamweight,9,2,0,NA,"5' 5""",135 lbs.,"67""",Orthodox,1989-03-07
J.P. Buys,Flyweight,9,3,0,NA,"5' 5""",125 lbs.,"67""",Orthodox,1996-04-30
Juan Adams,Heavyweight,5,3,0,The Kraken,"6' 5""",265 lbs.,"80""",Orthodox,1992-01-16
Juan Espino,Heavyweight,11,2,0,El Guapo,"6' 3""",250 lbs.,"80""",,1980-10-09
Juancamilo Ronderos,Flyweight,4,1,0,100,,,,,
Julia Avila,Women's Bantamweight,9,2,0,Raging Panda,"5' 7""",135 lbs.,"68""",Orthodox,1988-05-11
Julian Erosa,Featherweight,25,10,0,Juicy J,"6' 1""",145 lbs.,"74""",Southpaw,1989-07-31
Julian Marquez,Middleweight,9,2,0,The Cuban Missile Crisis,"6' 2""",185 lbs.,"72""",Orthodox,1990-05-08
Juliana Lima,Women's Strawweight,9,5,0,Ju Thai,"5' 5""",115 lbs.,"65""",Orthodox,1982-03-15
Julianna Pena,Women's Bantamweight,11,4,0,The Venezuelan Vixen,"5' 6""",135 lbs.,"69""",Orthodox,19-Aug-89
Julija Stoliarenko,Women's Bantamweight,9,6,1,NA,"5' 7""",135 lbs.,"66""",,1993-04-08
Julio Arce,Bantamweight,17,4,0,NA,"5' 7""",145 lbs.,"70""",Southpaw,1989-10-27
Jun Yong Park,Middleweight,13,4,0,The Iron Turtle,"5' 10""",185 lbs.,"73""",Orthodox,1991-02-27
Junior Albini,Heavyweight,14,6,0,Baby,"6' 3""",264 lbs.,"74""",Orthodox,1991-03-15
Junior dos Santos,Heavyweight,21,9,0,Cigano,"6' 4""",238 lbs.,"77""",Orthodox,1984-01-30
Jussier Formiga,Flyweight,23,8,0,NA,"5' 5""",125 lbs.,"67""",Orthodox,1985-04-14
Justin Frazier,Heavyweight,11,2,0,The Grizzlybear,"6' 0""",265 lbs.,"75""",Southpaw,1989-06-15
Justin Gaethje,Lightweight,23,2,0,The Highlight,"5' 11""",155 lbs.,"70""",Orthodox,1988-11-14
Justin Jaynes,Featherweight,16,8,0,The Guitar Hero,"5' 7""",155 lbs.,"68""",Orthodox,1989-08-10
Justin Ledet,Light Heavyweight,9,4,0,El Blanco,"6' 4""",205 lbs.,"80""",Orthodox,1988-09-28
Justin Scoggins,Flyweight,11,5,0,NA,"5' 7""",125 lbs.,"66""",Southpaw,1992-05-02
Justin Tafa,Heavyweight,4,3,0,Bad Man,"6' 0""",264 lbs.,"74""",Southpaw,1993-12-13
Justin Wilcox,Lightweight,0,0,0,Silverback,"5' 6""",155 lbs.,,Orthodox,1979-03-12
Justin Willis,Heavyweight,8,2,0,Big Pretty,"6' 1""",264 lbs.,"78""",Southpaw,1987-07-19
Justine Kish,Women's Flyweight,7,4,0,NA,"5' 5""",125 lbs.,"64""",Orthodox,1988-04-13
Kai Kamaka III,Featherweight,8,4,0,The Fighting Hawaiian,"5' 7""",145 lbs.,"69""",Orthodox,1995-01-05
Kai Kara France,Flyweight,22,9,0,Don't Blink,"5' 4""",125 lbs.,"69""",Orthodox,1993-03-26
Kajan Johnson,Lightweight,23,14,1,Ragin',"5' 11""",155 lbs.,"75""",Orthodox,1984-04-21
Kalinn Williams,Welterweight,12,2,0,The Oxfighter,"6' 0""",170 lbs.,"77""",Orthodox,1994-03-30
Kamaru Usman,Welterweight,19,1,0,Nigerian Nightmare,"6' 0""",170 lbs.,"76""",Switch,1987-05-11
Kamuela Kirk,Featherweight,12,4,0,The Jawaiian,"5' 10""",145 lbs.,"75""",Switch,1994-04-13
Kanako Murata,Women's Strawweight,12,2,0,NA,"5' 1""",115 lbs.,"62""",Orthodox,1993-08-10
Karl Roberson,Middleweight,9,4,0,Baby K,"6' 1""",185 lbs.,"74""",Southpaw,1990-10-04
Karol Rosa,Women's Bantamweight,14,3,0,NA,"5' 5""",135 lbs.,"67""",Orthodox,1994-12-30
Karolina Kowalkiewicz,Women's Strawweight,13,6,0,NA,"5' 3""",115 lbs.,"64""",Orthodox,1985-10-15
Katlyn Chookagian,Women's Flyweight,16,4,0,Blonde Fighter,"5' 9""",125 lbs.,"68""",Orthodox,1988-12-28
Kay Hansen,Women's Strawweight,7,4,0,NA,"5' 2""",115 lbs.,"63""",Orthodox,1999-08-14
Kazuo Misaki,Welterweight,0,0,0,Hitman,"5' 8""",183 lbs.,,Orthodox,1976-04-25
K.B. Bhullar,Middleweight,8,2,0,The Bengal,"6' 4""",185 lbs.,"78""",Switch,1991-10-12
Keita Nakamura,Welterweight,34,9,2,K-Taro,"5' 11""",170 lbs.,"73""",Southpaw,1984-05-22
Keith Berish,Middleweight,5,1,0,Sha Bang Bang,"6' 0""",205 lbs.,,Orthodox,1985-11-14
Kelly Faszholz,Women's Bantamweight,3,2,0,NA,"5' 8""",135 lbs.,,Orthodox,1985-04-09
Kelvin Gastelum,Middleweight,17,7,0,NA,"5' 9""",185 lbs.,"71""",Southpaw,1991-10-24
Kenan Song,Welterweight,16,6,0,The Assassin,"6' 0""",170 lbs.,"71""",Orthodox,1990-03-10
Kennedy Nzechukwu,Light Heavyweight,9,1,0,African Savage,"6' 5""",205 lbs.,"83""",Southpaw,1992-06-13
Kenneth Bergh,Light Heavyweight,6,0,0,NA,"6' 2""",205 lbs.,"74""",Orthodox,1989-06-26
Kenny Florian,Featherweight,16,6,0,KenFlo,"5' 10""",145 lbs.,"74""",Southpaw,1976-05-26
Kerry Vera,Women's Bantamweight,0,0,0,NA,"5' 7""",135 lbs.,,Orthodox,
Ketlen Vieira,Women's Bantamweight,11,2,0,Fenomeno,"5' 8""",135 lbs.,"68""",Orthodox,1991-08-26
Kevin Aguilar,Featherweight,17,5,0,Angel of Death,"5' 7""",155 lbs.,"73""",Orthodox,1988-09-07
Kevin Casey,Middleweight,9,5,1,King,"5' 11""",185 lbs.,"77""",Southpaw,1981-06-15
Kevin Croom,Featherweight,21,13,0,Crash,"5' 11""",155 lbs.,"73""",Orthodox,1987-07-15
Kevin Holland,Middleweight,21,7,0,Trailblazer,"6' 3""",185 lbs.,"81""",Orthodox,1992-11-05
Kevin Lee,Welterweight,18,6,0,The Motown Phenom,"5' 9""",170 lbs.,"77""",Orthodox,1992-09-04
Kevin Natividad,Bantamweight,9,3,0,Quicksand,"5' 6""",145 lbs.,"70""",Orthodox,1993-04-02
Khabib Nurmagomedov,Lightweight,29,0,0,The Eagle,"5' 10""",155 lbs.,"70""",Orthodox,1988-09-20
Khadis Ibragimov,Light Heavyweight,8,3,0,NA,"6' 3""",205 lbs.,"78""",Orthodox,1995-05-21
Khalid Murtazaliev,Middleweight,14,2,0,NA,"6' 0""",185 lbs.,"76""",Orthodox,1993-07-15
Khalid Taha,Bantamweight,13,4,0,The Warrior,"5' 5""",135 lbs.,"69""",Orthodox,1992-02-15
Khalil Rountree,Light Heavyweight,9,5,0,NA,"6' 1""",205 lbs.,"76""",Southpaw,1990-02-26
Khama Worthy,Lightweight,16,8,0,The Death Star,"5' 11""",155 lbs.,"74""",Orthodox,1986-10-15
Khamzat Chimaev,Middleweight,9,0,0,Borz,"6' 2""",170 lbs.,"75""",Orthodox,1994-05-01
Klidson Abreu,Light Heavyweight,15,5,0,White Bear,"6' 0""",205 lbs.,"74""",Orthodox,1992-12-24
Konklak Suphisara,Women's Strawweight,6,2,0,Loma Lookboonmee,"5' 1""",115 lbs.,"61""",Orthodox,1996-01-18
Kris Moutinho,Bantamweight,0,1,0,NA,,,,,
Kron Gracie,Featherweight,5,1,0,NA,"5' 9""",145 lbs.,"70""",Southpaw,1988-07-11
Krzysztof Jotko,Middleweight,22,5,0,NA,"6' 1""",185 lbs.,"77""",Southpaw,1989-08-19
Kurt Holobaugh,Lightweight,17,7,0,NA,"5' 11""",155 lbs.,"70""",Orthodox,1986-09-08
Kyle Bochniak,Featherweight,8,5,0,Crash,"5' 7""",145 lbs.,"70""",Orthodox,1987-02-05
Kyle Daukaus,Middleweight,10,2,0,NA,"6' 3""",185 lbs.,"76""",Southpaw,1993-02-27
Kyle Jensen,Welterweight,0,0,0,NA,"5' 9""",170 lbs.,,Orthodox,1979-07-20
Kyle Nelson,Featherweight,13,4,0,The Monster,"5' 11""",155 lbs.,"71""",Switch,1991-04-20
Kyle Noke,Welterweight,22,10,1,NA,"6' 1""",170 lbs.,"76""",Southpaw,1980-03-18
Kyle Prepolec,Welterweight,12,7,0,Killshot,"5' 10""",170 lbs.,"70""",Southpaw,1989-08-30
Kyle Stewart,Welterweight,8,2,0,Gunz Up,"6' 0""",170 lbs.,"76""",Orthodox,1989-01-31
Kyler Phillips,Bantamweight,9,2,0,The Matrix,"5' 8""",135 lbs.,"72""",Orthodox,1995-06-12
Kyung Ho Kang,Bantamweight,17,8,0,Mr. Perfect,"5' 9""",135 lbs.,"73""",Orthodox,1987-09-09
Lando Vannata,Featherweight,12,5,2,Groovy,"5' 9""",155 lbs.,"71""",Orthodox,1992-03-14
Landon Quinones Stewart,Lightweight,0,0,0,NA,"5' 9""",155 lbs.,,Southpaw,1995-11-21
Lara Procopio,Women's Flyweight,7,2,0,NA,"5' 4""",125 lbs.,"67""",Orthodox,1995-11-14
Laureano Staropoli,Middleweight,9,4,0,Pepi,"6' 1""",170 lbs.,"71""",Orthodox,1993-02-27
Lauren Mueller,Women's Flyweight,5,3,0,Princess Tiger,"5' 5""",125 lbs.,"67""",Orthodox,1991-11-15
Lauren Murphy,Women's Flyweight,15,4,0,Lucky,"5' 5""",125 lbs.,"67""",Orthodox,1983-07-27
Leah Letson,Women's Featherweight,5,2,0,Nidas,"5' 7""",145 lbs.,"71""",,1992-08-21
Leandro Issa,Bantamweight,13,6,0,Brodinho,"5' 7""",135 lbs.,"69""",Orthodox,1983-09-19
Leomana Martinez,Bantamweight,0,1,0,NA,"5' 10""",135 lbs.,"70""",Orthodox,1996-03-25
Leon Edwards,Welterweight,19,3,0,Rocky,"6' 2""",170 lbs.,"74""",Southpaw,1991-08-25
Leonardo Santos,Lightweight,18,5,1,NA,"6' 0""",155 lbs.,"75""",Orthodox,1980-02-05
Lerone Murphy,Featherweight,10,0,1,The Miracle,"5' 9""",145 lbs.,"73""",Orthodox,1991-07-22
Liana Jojua,Women's Flyweight,8,3,0,She Wolf,"5' 4""",125 lbs.,"62""",Orthodox,1995-03-22
Liliya Shakirova,Women's Flyweight,8,1,0,NA,"5' 4""",125 lbs.,"65""",Orthodox,1991-10-24
Lina Lansberg,Women's Bantamweight,10,5,0,Elbow Queen,"5' 7""",135 lbs.,"65""",Orthodox,1982-03-13
Livinha Souza,Women's Strawweight,14,3,0,The Brazilian Gangsta,"5' 3""",115 lbs.,"63""",Orthodox,1991-03-11
Liz Carmouche,Women's Flyweight,13,7,0,Girlrilla,"5' 6""",125 lbs.,"66""",Orthodox,1984-02-19
Louis Cosce,Welterweight,7,1,0,NA,"5' 9""",170 lbs.,"71""",Orthodox,1995-08-27
Louis Smolka,Bantamweight,17,7,0,Da Last Samurai,"5' 9""",135 lbs.,"68""",Orthodox,1991-07-16
Luana Carolina,Women's Flyweight,7,2,0,Dread,"5' 6""",125 lbs.,"69""",Orthodox,1993-06-11
Luana Pinheiro,Women's Strawweight,9,1,0,NA,"5' 2""",115 lbs.,"62""",Orthodox,1992-11-18
Lucie Pudilova,Women's Flyweight,8,6,0,NA,"5' 8""",125 lbs.,"67""",Orthodox,1994-06-13
Ludovit Klein,Featherweight,17,3,0,Mr. Highlight,"5' 7""",155 lbs.,"72""",Southpaw,1995-02-22
Luigi Vendramini,Lightweight,9,2,0,The Italian Stallion,"5' 8""",170 lbs.,"73""",Orthodox,1996-01-16
Luis Henrique Barbosa de Oliveira,Heavyweight,10,4,0,KLB,"6' 2""",243 lbs.,"74""",Orthodox,1993-08-21
Luis Pena,Lightweight,9,3,0,Violent Bob Ross,"6' 3""",155 lbs.,"75""",Southpaw,1993-07-05
Luis Saldana,Featherweight,15,6,0,NA,"5' 11""",145 lbs.,"73""",Orthodox,1991-01-27
Luiz Eduardo Garagorri,Featherweight,13,2,0,NA,"5' 9""",145 lbs.,"70""",Orthodox,1989-05-28
Luke Jumeau,Welterweight,13,5,0,The Jedi,"5' 11""",170 lbs.,"72""",Orthodox,1988-02-12
Luke Rockhold,Middleweight,16,5,0,NA,"6' 3""",205 lbs.,"77""",Southpaw,1984-10-17
Luke Sanders,Featherweight,13,5,0,Cool Hand,"5' 6""",135 lbs.,"67""",Southpaw,1985-12-12
Lupita Godinez,Women's Strawweight,5,1,0,Loopy,,,,,
Lyman Good,Welterweight,21,6,0,Cyborg,"6' 0""",170 lbs.,"74""",Orthodox,1985-05-26
Mackenzie Dern,Women's Strawweight,11,1,0,NA,"5' 4""",115 lbs.,"63""",Orthodox,1993-03-24
Macy Chiasson,Bantamweight,8,1,0,NA,"5' 11""",135 lbs.,"72""",Orthodox,1991-07-27
Magomed Ankalaev,Light Heavyweight,15,1,0,NA,"6' 3""",205 lbs.,"75""",Orthodox,1992-06-02
Magomed Bibulatov,Flyweight,14,2,0,Chaborz,,,,,
Magomed Mustafaev,Lightweight,14,4,0,The Sniper,"5' 8""",155 lbs.,"71""",Orthodox,1988-08-02
Maia Kahaunaele-Stevenson,Women's Strawweight,6,5,0,NA,"5' 4""",115 lbs.,"62""",Orthodox,1982-03-19
Mairbek Taisumov,Lightweight,26,6,0,Beckan,"5' 9""",155 lbs.,"73""",Orthodox,1988-08-08
Makhmud Muradov,Middleweight,25,6,0,Mach,"6' 2""",185 lbs.,"75""",Orthodox,1990-02-08
Maki Pitolo,Middleweight,13,8,0,Coconut Bombz,"5' 10""",185 lbs.,"75""",Orthodox,1990-11-24
Makwan Amirkhani,Featherweight,16,6,0,Mr. Finland,"5' 10""",145 lbs.,"72""",Southpaw,1988-11-08
Malcolm Gordon,Flyweight,13,5,0,X,"5' 7""",125 lbs.,"71""",Switch,1990-05-19
Mallory Martin,Women's Strawweight,7,4,0,NA,"5' 4""",115 lbs.,"63""",Orthodox,1994-01-29
Manel Kape,Flyweight,15,6,0,StarBoy,"5' 5""",125 lbs.,"68""",Southpaw,1993-11-14
Manny Bermudez,Bantamweight,14,2,0,The Bermudez Triangle,"5' 10""",145 lbs.,"71""",Orthodox,1994-07-16
Manny Gamburyan,Bantamweight,18,11,0,The Anvil,,,,,
Manon Fiorot,Women's Flyweight,7,1,0,The Beast,"5' 7""",125 lbs.,,Orthodox,1990-02-17
Mara Romero Borella,Flyweight,12,9,0,Maravilha,"5' 6""",125 lbs.,"69""",Orthodox,1986-06-03
Marc Diakiese,Lightweight,14,4,0,Bonecrusher,"5' 10""",155 lbs.,"73""",Orthodox,1993-03-16
Marc-Andre Barriault,Middleweight,12,4,0,Powerbar,"6' 1""",185 lbs.,"74""",Orthodox,1990-02-18
Marcelo Golm,Heavyweight,6,3,0,NA,"6' 3""",249 lbs.,"75""",Orthodox,1992-09-15
Marcelo Rojo,Featherweight,16,8,0,Pitbull,"5' 8""",145 lbs.,"71""",Orthodox,1988-07-02
Marcin Prachnio,Light Heavyweight,15,5,0,NA,"6' 3""",205 lbs.,"74""",Orthodox,1988-07-14
Marcin Tybura,Heavyweight,22,6,0,Tybur,"6' 3""",249 lbs.,"78""",Orthodox,1985-11-09
Marco Polo Reyes,Lightweight,8,8,0,El Toro,"5' 11""",155 lbs.,"71""",Orthodox,1984-11-07
Marcos Rodrigo da Rosa Borges,Lightweight,6,6,0,Dhalsim,,,,,
Marcos Rogerio de Lima,Heavyweight,18,8,1,Pezao,"6' 1""",253 lbs.,"75""",Orthodox,1985-06-25
Marina Rodriguez,Women's Strawweight,14,1,2,NA,"5' 6""",115 lbs.,"65""",Orthodox,1987-04-29
Mario Bautista,Bantamweight,8,2,0,NA,"5' 9""",135 lbs.,"69""",Switch,1993-07-01
Mario Filipe de Sousa,Middleweight,1,0,0,Coração Valente,,,,,
Marion Reneau,Women's Bantamweight,9,8,1,The Belizean Bruiser,"5' 6""",135 lbs.,"68""",Orthodox,1977-06-20
Mariusz Ksiazkiewicz,Middleweight,0,0,0,NA,"6' 3""",185 lbs.,"75""",Southpaw,1989-10-04
Mariya Agapova,Women's Flyweight,9,1,0,NA,"5' 6""",125 lbs.,"68""",Southpaw,1997-04-07
Mark De La Rosa,Bantamweight,11,5,0,Bumblebee,"5' 6""",135 lbs.,"65""",Orthodox,1994-08-31
Mark Godbeer,Heavyweight,13,3,0,The Hand Of,"6' 4""",240 lbs.,"77""",Orthodox,1983-11-22
Mark Hunt,Heavyweight,13,14,1,Super Samoan,"5' 10""",265 lbs.,"72""",Orthodox,1974-03-23
Mark Munoz,Middleweight,14,6,0,The Filipino Wrecking Machine,"6' 0""",185 lbs.,"71""",Orthodox,1978-02-09
Mark O. Madsen,Lightweight,2,0,0,The Olympian,"5' 8""",155 lbs.,"72""",Orthodox,1984-09-23
Mark Striegl,Bantamweight,18,3,0,Mugen,"5' 8""",135 lbs.,"70""",Southpaw,1988-06-23
Markus Perez,Middleweight,12,5,0,Maluko,"6' 1""",185 lbs.,"73""",Orthodox,1988-06-22
Marlon Moraes,Bantamweight,23,7,1,Magic,"5' 6""",135 lbs.,"67""",Orthodox,1988-04-26
Marlon Vera,Bantamweight,17,7,1,Chito,"5' 8""",135 lbs.,"70""",Switch,1992-12-02
Martin Bravo,Featherweight,12,2,0,El Toro,"5' 8""",145 lbs.,"71""",Southpaw,1993-09-21
Martin Day,Bantamweight,8,6,0,The Spartan,"5' 10""",145 lbs.,"73""",Orthodox,1988-11-10
Martin Kampmann,Welterweight,20,7,0,The Hitman,"6' 0""",170 lbs.,"72""",Orthodox,1982-04-17
Marvin Vettori,Middleweight,17,5,1,The Italian Dream,"6' 0""",185 lbs.,"74""",Southpaw,1993-09-20
Maryna Moroz,Women's Flyweight,10,3,0,Iron Lady,"5' 7""",125 lbs.,"67""",Orthodox,1991-09-08
Mason Jones,Lightweight,10,1,0,Dragon,"5' 10""",155 lbs.,,Orthodox,1995-04-26
Mateusz Gamrot,Lightweight,19,1,0,Gamer,"5' 10""",155 lbs.,"70""",Southpaw,1990-12-11
Matheus Nicolau,Bantamweight,16,3,1,NA,"5' 6""",125 lbs.,"66""",Orthodox,1993-01-06
Matheus Scheffel,Heavyweight,0,0,0,NA,"6' 2""",205 lbs.,,,1992-04-11
Mats Nilsson,Welterweight,11,4,1,NA,"6' 1""",170 lbs.,,Orthodox,1983-12-05
Matt Bessette,Featherweight,22,9,0,The Mangler,"5' 10""",145 lbs.,"70""",Orthodox,1984-12-28
Matt Brown,Welterweight,25,18,0,The Immortal,"6' 0""",170 lbs.,"75""",Orthodox,1981-01-10
Matt Frevola,Lightweight,8,3,1,The SteamRolla,"5' 9""",155 lbs.,"71""",Orthodox,1990-06-11
Matt Grice,Featherweight,15,5,0,The Real One,"5' 8""",145 lbs.,"70""",Orthodox,1981-07-29
Matt Hughes,Welterweight,46,9,0,NA,"5' 9""",170 lbs.,"73""",Switch,1973-10-13
Matt Sayles,Featherweight,8,3,0,NA,"5' 7""",145 lbs.,"68""",Orthodox,1994-02-21
Matt Schnell,Bantamweight,15,6,0,Danger,"5' 8""",125 lbs.,"70""",Orthodox,1990-01-15
Matt Serra,Welterweight,17,7,0,The Terror,"5' 6""",170 lbs.,"68""",Orthodox,1974-06-02
Matt Wiman,Lightweight,16,10,0,NA,"5' 10""",155 lbs.,"68""",Orthodox,1983-09-19
Matthew Lopez,Bantamweight,10,5,0,NA,"5' 7""",135 lbs.,"69""",Southpaw,1987-01-21
Matthew Semelsberger,Welterweight,8,3,0,Semi The Jedi,"6' 1""",170 lbs.,"75""",Switch,1992-11-23
Maurice Greene,Heavyweight,9,7,0,The Crochet Boss,"6' 7""",258 lbs.,"80""",Orthodox,1986-07-05
Mauricio Rua,Light Heavyweight,27,11,1,Shogun,"6' 1""",205 lbs.,"76""",Orthodox,1981-11-25
Max Griffin,Welterweight,18,8,0,Pain,"5' 11""",170 lbs.,"76""",Orthodox,1985-11-29
Max Holloway,Featherweight,22,6,0,Blessed,"5' 11""",145 lbs.,"69""",Orthodox,1991-12-04
Max Rohskopf,Lightweight,0,1,0,Rated R,"6' 1""",155 lbs.,"71""",Orthodox,1994-09-27
Maxim Grishin,Light Heavyweight,31,9,2,Maximus,"6' 3""",220 lbs.,"78""",Orthodox,1984-05-02
Maycee Barber,Women's Flyweight,9,2,0,The Future,"5' 5""",125 lbs.,"65""",Switch,1998-05-18
Mayra Bueno Silva,Women's Flyweight,7,1,1,Sheetara,"5' 6""",135 lbs.,"66""",Orthodox,1991-08-22
Megan Anderson,Women's Featherweight,11,5,0,NA,"6' 0""",145 lbs.,"72""",Orthodox,1990-02-11
Melissa Gatto,Women's Flyweight,6,0,2,NA,"5' 5""",135 lbs.,,Orthodox,1996-02-05
Melsik Baghdasaryan,Featherweight,5,1,0,NA,"5' 9""",145 lbs.,"70""",Southpaw,1992-01-28
Merab Dvalishvili,Bantamweight,13,4,0,The Machine,"5' 6""",135 lbs.,"68""",Orthodox,1991-01-10
Michael Chandler,Lightweight,22,6,0,Iron,"5' 8""",155 lbs.,"71""",Orthodox,1986-04-24
Michael Chiesa,Welterweight,18,4,0,Maverick,"6' 1""",170 lbs.,"75""",Southpaw,1987-12-07
Michael Johnson,Lightweight,20,17,0,The Menace,"5' 10""",155 lbs.,"73""",Southpaw,1986-06-04
Michael McDonald,Bantamweight,17,4,0,Mayday,"5' 9""",135 lbs.,"70""",Orthodox,1991-01-15
Michael Trizano,Featherweight,10,1,0,The Lone Wolf,"5' 11""",155 lbs.,"71""",Orthodox,1991-12-31
Michal Oleksiejczuk,Light Heavyweight,15,4,0,Lord,"6' 0""",205 lbs.,"74""",Southpaw,1995-02-22
Michel Pereira,Welterweight,26,11,0,Demolidor,"6' 1""",170 lbs.,"73""",Orthodox,1993-10-06
Michel Prazeres,Welterweight,26,4,0,Tractor,"5' 6""",170 lbs.,"67""",Orthodox,1981-07-25
Michelle Waterson,Women's Strawweight,18,9,0,The Karate Hottie,"5' 3""",115 lbs.,"62""",Orthodox,1986-01-06
Mickey Gall,Welterweight,7,3,0,NA,"6' 2""",170 lbs.,"74""",Switch,1992-01-22
Miesha Tate,Women's Bantamweight,19,7,0,Cupcake,"5' 6""",135 lbs.,"66""",Orthodox,1986-08-18
Miguel Baeza,Welterweight,10,1,0,Caramel Thunder,"6' 2""",170 lbs.,"74""",Orthodox,1992-08-23
Mike Davis,Lightweight,8,2,0,Beast Boy,"6' 0""",145 lbs.,"72""",Orthodox,1992-10-07
Mike Grundy,Featherweight,12,3,0,NA,"5' 7""",145 lbs.,"72""",Orthodox,1987-01-03
Mike Jackson,Welterweight,1,1,0,The Truth,"6' 2""",170 lbs.,,Orthodox,1985-03-22
Mike Perry,Welterweight,14,8,0,Platinum,"5' 10""",170 lbs.,"71""",Orthodox,1991-09-15
Mike Rodriguez,Light Heavyweight,11,6,0,Slo-Mike,"6' 4""",205 lbs.,"82""",Southpaw,1988-11-28
Mike Swick,Welterweight,15,6,0,Quick,"6' 1""",170 lbs.,"77""",Orthodox,1979-06-19
Milana Dudieva,Women's Bantamweight,11,5,0,NA,"5' 3""",135 lbs.,,Orthodox,1989-08-04
Miles Johns,Bantamweight,11,1,0,Chapo,"5' 7""",135 lbs.,"66""",Orthodox,1994-03-30
Miranda Granger,Women's Strawweight,7,1,0,Danger,"5' 7""",125 lbs.,"68""",Orthodox,1992-04-13
Miranda Maverick,Women's Flyweight,11,3,0,Fear The,"5' 3""",125 lbs.,"65""",Southpaw,1997-07-01
Mirsad Bektic,Featherweight,13,3,0,NA,"5' 8""",145 lbs.,"70""",Orthodox,1991-02-16
Misha Cirkunov,Light Heavyweight,15,6,0,NA,"6' 3""",205 lbs.,"77""",Orthodox,1987-02-27
Mitch Clarke,Lightweight,11,5,0,Danger Zone,"5' 10""",155 lbs.,"73""",Orthodox,1985-11-24
Mitch Gagnon,Bantamweight,12,4,0,NA,"5' 5""",135 lbs.,"65""",Southpaw,1984-10-10
Mizuki Inoue,Women's Strawweight,14,5,0,NA,,,,,
Mizuto Hirota,Lightweight,19,10,2,Pugnus,"5' 7""",155 lbs.,"67""",Orthodox,1981-05-05
Modestas Bukauskas,Light Heavyweight,11,4,0,The Baltic Gladiator,"6' 3""",205 lbs.,"78""",Switch,1994-02-10
Molly McCann,Women's Flyweight,10,4,0,Meatball,"5' 4""",125 lbs.,"62""",Orthodox,1990-05-04
Montana De La Rosa,Women's Flyweight,12,6,1,NA,"5' 7""",125 lbs.,"68""",Orthodox,1995-02-14
Montel Jackson,Bantamweight,11,2,0,Quik,"5' 10""",135 lbs.,"75""",Southpaw,1992-04-24
Montserrat Ruiz,Women's Strawweight,10,2,0,Conejo,,,,,
Mounir Lazzez,Welterweight,10,2,0,The Sniper,"6' 1""",170 lbs.,"76""",Orthodox,1987-11-16
Movsar Evloev,Featherweight,15,0,0,NA,"5' 7""",145 lbs.,"72""",Orthodox,1994-02-11
Muslim Salikhov,Welterweight,18,2,0,King of Kung Fu,"5' 11""",170 lbs.,"70""",Orthodox,1984-06-09
Myles Jury,Featherweight,17,4,0,Fury,"5' 10""",145 lbs.,"73""",Orthodox,1988-10-31
Na Liang,Women's Strawweight,15,5,0,The Dragon Girl,,,,,
Nad Narimani,Catchweight,12,4,0,Smiler,"5' 8""",145 lbs.,"70""",Orthodox,1987-04-14
Nadia Kassem,Women's Flyweight,5,2,0,NA,"5' 5""",125 lbs.,"66""",Southpaw,1995-11-15
Naoki Inoue,Flyweight,11,0,0,NA,"5' 9""",125 lbs.,"71""",Orthodox,1997-06-14
Nasrat Haqparast,Lightweight,13,3,0,NA,"5' 10""",155 lbs.,"72""",Southpaw,1995-08-22
Nassourdine Imavov,Middleweight,10,3,0,NA,"6' 3""",185 lbs.,"75""",Orthodox,1995-03-01
Nate Diaz,Welterweight,21,13,0,NA,"6' 0""",170 lbs.,"76""",Southpaw,1985-04-16
Nate Landwehr,Featherweight,14,4,0,The Train,"5' 9""",145 lbs.,"72""",Orthodox,1988-06-06
Nathan Coy,Welterweight,15,7,0,Soulforce,"5' 10""",170 lbs.,"69""",Southpaw,1978-07-24
Nathaniel Wood,Catchweight,17,4,0,The Prospect,"5' 6""",140 lbs.,"69""",Orthodox,1993-05-08
Nazareno Malegarie,Lightweight,28,5,0,El Tigre,"5' 8""",155 lbs.,,,1986-05-16
Neil Magny,Welterweight,25,9,0,The Haitian Sensation,"6' 3""",170 lbs.,"80""",Orthodox,1987-08-03
Nicco Montano,Women's Bantamweight,5,3,0,NA,"5' 5""",135 lbs.,"65""",Southpaw,1988-12-16
Nick Diaz,Welterweight,26,10,0,NA,"6' 1""",185 lbs.,"76""",Southpaw,1983-08-02
Nick Hein,Lightweight,14,4,0,Sergeant,"5' 6""",155 lbs.,"66""",Southpaw,1984-04-24
Nick Maximov,Middleweight,1,0,0,NA,"6' 0""",220 lbs.,"76""",Southpaw,1997-12-23
Nicolae Negumereanu,Light Heavyweight,10,1,0,NA,"6' 0""",205 lbs.,"78""",Orthodox,1994-09-04
Nicolas Dalby,Welterweight,16,2,1,Lokomotivo,"5' 11""",170 lbs.,"74""",Orthodox,1984-11-16
Nik Lentz,Featherweight,30,12,2,The Carny,"5' 8""",145 lbs.,"68""",Orthodox,1984-08-13
Nikita Krylov,Light Heavyweight,27,8,0,The Miner,"6' 3""",205 lbs.,"77""",Orthodox,1992-03-07
Niklas Stolze,Welterweight,0,1,0,Green Mask,"6' 1""",170 lbs.,"74""",Switch,1992-12-28
Niko Price,Welterweight,14,6,0,The Hybrid,"6' 0""",170 lbs.,"76""",Orthodox,1989-09-29
Nikolas Motta,Lightweight,0,0,0,NA,"5' 9""",155 lbs.,"70""",Orthodox,1993-02-08
Nina Nunes,Women's Strawweight,10,7,0,NA,,,,,
Nohelin Hernandez,Bantamweight,10,3,0,Suave,"5' 10""",135 lbs.,"71""",Orthodox,1994-03-01
Nordine Taleb,Welterweight,15,7,0,NA,"6' 1""",170 lbs.,"74""",Orthodox,1981-06-10
Norifumi Yamamoto,Bantamweight,18,6,0,Kid,"5' 4""",135 lbs.,"66""",Southpaw,1977-03-15
Norma Dumont,Women's Bantamweight,6,1,0,The Imortal,"5' 7""",135 lbs.,"67""",Orthodox,1990-10-01
Nuerdanbieke Shayilan,Featherweight,19,6,0,Wolverine,,,,,
Ode Osbourne,Flyweight,9,3,0,The Jamaican Sensation,"5' 7""",145 lbs.,"73""",Southpaw,1992-01-09
Olaf Alfonso,Welterweight,0,0,0,NA,"6' 2""",170 lbs.,,Orthodox,1974-08-06
Olivier Aubin-Mercier,Lightweight,12,5,0,The Canadian Gangster,"5' 9""",155 lbs.,"70""",Southpaw,1989-02-23
Oluwale Bamgbose,Middleweight,6,4,0,Holy War Angel,"5' 11""",185 lbs.,"78""",Switch,1987-08-04
Omar Morales,Featherweight,11,1,0,Venezuelan Fighter,"5' 11""",145 lbs.,"73""",Orthodox,1985-10-17
Omari Akhmedov,Middleweight,21,6,1,Wolverine,"6' 0""",185 lbs.,"73""",Orthodox,1987-10-12
Orion Cosce,Welterweight,7,0,0,Galaxy,"5' 11""",170 lbs.,"71""",Switch,1994-07-15
Oscar Cota,Heavyweight,10,1,0,Elevation,"6' 0""",230 lbs.,"72""",Orthodox,1984-10-15
Oskar Piechota,Middleweight,11,3,1,Imadlo,"6' 0""",185 lbs.,"76""",Southpaw,1990-01-24
Ottman Azaitar,Lightweight,13,0,0,Bulldozer,"5' 8""",155 lbs.,"71""",Switch,1990-02-20
Ovince St. Preux,Heavyweight,25,16,0,OSP,"6' 3""",205 lbs.,"80""",Southpaw,1983-04-08
Paige VanZant,Women's Flyweight,8,5,0,12 Gauge,"5' 4""",115 lbs.,"65""",Orthodox,1994-03-26
Pannie Kianzad,Women's Bantamweight,16,5,0,Banzai,"5' 7""",135 lbs.,"66""",Orthodox,1991-12-08
Parker Porter,Heavyweight,11,6,0,NA,"6' 0""",265 lbs.,"75""",Orthodox,1985-04-22
Pascal Krauss,Welterweight,11,2,0,Panzer,"6' 1""",170 lbs.,,Orthodox,1987-04-19
Pat Sabatini,Featherweight,14,3,0,NA,,,,,
Patrick Cote,Welterweight,24,11,0,The Predator,"5' 11""",170 lbs.,"75""",Orthodox,1980-02-29
Patrick Cummins,Light Heavyweight,10,7,0,Durkin,"6' 2""",205 lbs.,"76""",Orthodox,1980-11-16
Patrick Holohan,Flyweight,12,2,1,The Hooligan,"5' 10""",125 lbs.,"69""",Orthodox,1988-05-03
Paul Craig,Light Heavyweight,15,4,1,BearJew,"6' 3""",205 lbs.,"76""",Orthodox,1987-11-27
Paul Felder,Lightweight,17,6,0,The Irish Dragon,"5' 11""",155 lbs.,"70""",Orthodox,1984-04-25
Pauline Macias,Women's Strawweight,0,0,0,NA,"5' 4""",115 lbs.,"64""",Southpaw,1988-06-27
Paulo Costa,Middleweight,13,1,0,The Eraser,"6' 1""",185 lbs.,"72""",Orthodox,1991-04-21
Pedro Munhoz,Bantamweight,19,5,0,The Young Punisher,"5' 6""",135 lbs.,"65""",Orthodox,1986-09-07
Peter Barrett,Featherweight,11,4,0,Slippery,"5' 10""",145 lbs.,"73""",Southpaw,1986-08-10
Peter Sobotta,Welterweight,17,6,1,NA,"6' 0""",170 lbs.,"75""",Southpaw,1987-01-11
Petr Yan,Bantamweight,15,2,0,No Mercy,"5' 7""",135 lbs.,"67""",Switch,1993-02-11
Phil Brooks,Welterweight,0,2,0,CM Punk,"6' 1""",170 lbs.,"73""",Orthodox,1978-10-26
Phil Hawes,Middleweight,11,2,0,Megatron,"6' 0""",185 lbs.,"77""",Orthodox,1989-01-08
Philip Rowe,Welterweight,9,3,0,The Fresh Prince,"6' 3""",170 lbs.,"80""",Orthodox,1990-07-18
Philipe Lins,Heavyweight,14,5,0,Monstro,"6' 2""",240 lbs.,"78""",Orthodox,1985-08-17
Pingyuan Liu,Bantamweight,13,7,0,NA,"5' 6""",135 lbs.,"72""",Orthodox,1993-02-13
Poliana Botelho,Women's Flyweight,8,4,0,NA,"5' 8""",115 lbs.,"67""",Orthodox,1988-12-15
Polyana Viana,Women's Strawweight,12,4,0,Dama de Ferro,"5' 5""",115 lbs.,"67""",Orthodox,1992-06-14
Preston Parsons,Welterweight,9,3,0,Pressure,,,,,
Priscila Cachoeira,Women's Flyweight,10,3,0,Zombie Girl,"5' 7""",135 lbs.,"65""",Orthodox,1988-08-19
Punahele Soriano,Middleweight,8,1,0,Puna,"5' 11""",185 lbs.,"72""",Southpaw,1992-11-22
Qileng Aori,Flyweight,18,7,0,The Mongolian Murderer,,,,,
Rachael Ostovich,Women's Flyweight,4,6,0,NA,"5' 3""",125 lbs.,"62""",Orthodox,1991-02-25
Rafa Garcia,Lightweight,12,1,0,Gifted,"5' 7""",155 lbs.,"70""",Orthodox,1994-08-05
Rafael Alves,Lightweight,19,10,0,The Turn,"5' 8""",145 lbs.,"68""",Orthodox,1990-10-10
Rafael dos Anjos,Lightweight,29,13,0,NA,"5' 8""",155 lbs.,"70""",Southpaw,1984-10-26
Rafael Fiziev,Lightweight,8,1,0,Ataman,"5' 8""",155 lbs.,"71""",Switch,1993-03-05
Rafael Natal,Middleweight,21,9,1,Sapo,"6' 0""",185 lbs.,"77""",Orthodox,1982-12-25
Ramazan Emeev,Welterweight,20,4,0,Gorets,"5' 10""",170 lbs.,"76""",Southpaw,1987-05-23
Ramazan Kuramagomedov,Middleweight,1,0,0,NA,"6' 1""",170 lbs.,"73""",Orthodox,1996-08-23
Ramiz Brahimaj,Welterweight,8,3,0,NA,"5' 10""",170 lbs.,"72""",Orthodox,1992-11-17
Randa Markos,Women's Strawweight,10,12,1,Quiet Storm,"5' 4""",115 lbs.,"63""",Orthodox,1985-08-10
Randy Brown,Welterweight,13,4,0,Rudeboy,"6' 3""",170 lbs.,"78""",Orthodox,1990-07-08
Randy Costa,Bantamweight,6,2,0,The Zohan,"5' 9""",135 lbs.,"73""",Switch,1994-07-06
Rani Yahya,Bantamweight,27,10,1,NA,"5' 6""",135 lbs.,"67""",Orthodox,1984-09-12
Raoni Barcelos,Bantamweight,16,2,0,NA,"5' 7""",135 lbs.,"67""",Orthodox,1987-05-01
Raphael Assuncao,Bantamweight,27,8,0,NA,"5' 5""",135 lbs.,"66""",Orthodox,1982-07-19
Raphael Pessoa,Heavyweight,10,2,0,Bebezao,"6' 3""",262 lbs.,"78""",Orthodox,1989-03-09
Raquel Pennington,Women's Bantamweight,11,9,0,Rocky,"5' 7""",135 lbs.,"67""",Orthodox,1988-09-05
Rashad Coulter,Light Heavyweight,9,4,0,Daywalker,"5' 11""",205 lbs.,"76""",Orthodox,1981-11-27
Rashad Evans,Light Heavyweight,24,8,1,Suga,"6' 0""",205 lbs.,"75""",Orthodox,1979-09-25
Rashid Magomedov,Lightweight,20,2,0,Goretz,"5' 9""",155 lbs.,"70""",Orthodox,1984-11-29
Raulian Paiva,Bantamweight,21,3,0,NA,"5' 8""",125 lbs.,"69""",Orthodox,1995-10-17
Ray Borg,Featherweight,13,5,0,The Tazmexican Devil,"5' 4""",135 lbs.,"63""",Orthodox,1993-08-04
Ray Rodriguez,Bantamweight,16,8,0,The Judge,"5' 7""",135 lbs.,"70""",Orthodox,1987-12-10
Renan Barao,Bantamweight,36,9,0,The Baron,"5' 6""",145 lbs.,"70""",Orthodox,1987-01-31
Renato Carneiro,Lightweight,15,4,1,Moicano,"5' 11""",155 lbs.,"72""",Orthodox,1989-05-21
Rhys McKee,Welterweight,10,3,0,Skeletor,"6' 2""",170 lbs.,"78""",Orthodox,1995-09-10
Ricardo Abreu,Middleweight,5,1,0,Demente,"5' 11""",185 lbs.,,Orthodox,1984-04-27
Ricardo Lamas,Featherweight,20,8,0,The Bully,"5' 8""",145 lbs.,"71""",Orthodox,1982-05-21
Ricardo Prasel,Heavyweight,9,2,0,Alemao,"6' 7""",238 lbs.,"78""",Orthodox,1990-06-02
Ricardo Ramos,Featherweight,15,3,0,NA,"5' 9""",145 lbs.,"72""",Orthodox,1995-08-01
Ricky Glenn,Lightweight,22,6,1,The Gladiator,,,,,
Ricky Rainey,Welterweight,13,6,0,The Sniper,"6' 1""",170 lbs.,"77""",Switch,1983-06-29
Ricky Simon,Featherweight,18,3,0,NA,"5' 6""",135 lbs.,"69""",Orthodox,1992-08-31
Rob Font,Bantamweight,19,4,0,NA,"5' 8""",135 lbs.,"71""",Orthodox,1987-06-25
Robbie Lawler,Welterweight,28,14,0,Ruthless,"5' 11""",170 lbs.,"74""",Southpaw,1982-03-20
Robert Whittaker,Middleweight,24,5,0,The Reaper,"6' 0""",185 lbs.,"73""",Orthodox,1990-12-20
Roberto Sanchez,Flyweight,8,2,0,Littlefury,,,,,
Rodolfo Vieira,Middleweight,8,1,0,NA,"6' 0""",185 lbs.,"73""",Orthodox,1989-09-25
Rodrigo Damm,Lightweight,12,9,0,NA,"5' 7""",155 lbs.,"71""",Orthodox,1980-02-03
Rodrigo Goiana de Lima,Lightweight,8,3,1,NA,"5' 7""",155 lbs.,,Orthodox,1991-03-12
Rodrigo Nascimento,Heavyweight,9,1,0,Ze' Colmeia,"6' 2""",246 lbs.,"80""",Orthodox,1992-11-26
Rodrigo Vargas,Lightweight,12,4,0,NA,"5' 8""",155 lbs.,"71""",Southpaw,1985-08-15
Rogerio Bontorin,Bantamweight,17,3,0,NA,"5' 5""",125 lbs.,"67""",Orthodox,1992-04-25
Rolando Dy,Featherweight,9,6,1,Dy Incredible,"5' 8""",145 lbs.,"69""",Orthodox,1990-08-11
Roman Bogatov,Lightweight,10,1,0,NA,"5' 8""",155 lbs.,"73""",Orthodox,1990-12-15
Roman Dolidze,Middleweight,9,1,0,NA,"6' 2""",205 lbs.,"76""",Orthodox,1988-07-15
Roman Kopylov,Middleweight,8,1,0,NA,"6' 0""",185 lbs.,"75""",Southpaw,1991-05-04
Ronaldo Souza,Middleweight,26,10,0,Jacare,"6' 1""",185 lbs.,"72""",Orthodox,1979-12-07
Ronnie Lawrence,Bantamweight,7,1,0,The Heat,"5' 8""",135 lbs.,"68""",Switch,1992-06-13
Ronny Markes,Middleweight,14,3,0,NA,"6' 1""",185 lbs.,"75""",Orthodox,1988-04-21
Rony Mariano Bezerra,Featherweight,15,7,0,Jason,"5' 7""",145 lbs.,"73""",Orthodox,1984-03-21
Roosevelt Roberts,Lightweight,10,3,0,The Predator,"6' 2""",155 lbs.,"73""",Orthodox,1994-02-11
Roque Martinez,Heavyweight,15,8,2,NA,"5' 10""",250 lbs.,"72""",Orthodox,1986-03-04
Rory Singer,Middleweight,12,7,0,Outburst,"6' 2""",185 lbs.,"77""",Orthodox,1976-05-28
Rose Namajunas,Women's Strawweight,11,4,0,Thug,"5' 5""",115 lbs.,"65""",Orthodox,1992-06-29
Ross Pearson,Lightweight,22,16,0,The Real Deal,"5' 8""",155 lbs.,"69""",Orthodox,1984-09-26
Rostem Akman,Welterweight,6,1,0,NA,"5' 10""",170 lbs.,"72""",Switch,1991-12-19
Roxanne Modafferi,Women's Flyweight,25,19,0,The Happy Warrior,"5' 7""",125 lbs.,"69""",Orthodox,1982-09-24
Ruslan Magomedov,Heavyweight,14,1,0,Leopard,"6' 3""",242 lbs.,"78""",Orthodox,1986-11-26
Rustam Khabilov,Welterweight,24,4,0,Tiger,"5' 8""",155 lbs.,"73""",Orthodox,1986-11-04
Ryan Benoit,Flyweight,10,7,0,Baby Face,"5' 5""",125 lbs.,"68""",Orthodox,1989-08-25
Ryan Hall,Featherweight,8,2,0,The Wizard,"5' 10""",145 lbs.,"70""",Southpaw,1985-02-22
Ryan Janes,Middleweight,10,3,0,NA,"6' 3""",185 lbs.,"76""",Orthodox,1981-08-22
Ryan LaFlare,Welterweight,13,3,0,NA,"6' 1""",170 lbs.,"74""",Southpaw,1983-10-01
Ryan MacDonald,Bantamweight,10,2,0,Main Event,"5' 11""",135 lbs.,"71""",Switch,1993-03-18
Ryan Spann,Light Heavyweight,19,6,0,Superman,"6' 5""",205 lbs.,"79""",Orthodox,1991-08-24
Sabah Homasi,Welterweight,11,8,0,The Problem,"6' 0""",170 lbs.,"72""",Orthodox,1988-10-19
Sabina Mazo,Women's Bantamweight,9,2,0,Colombian Queen,"5' 7""",135 lbs.,"70""",Orthodox,1997-03-25
Sage Northcutt,Welterweight,11,2,0,Super,"6' 0""",170 lbs.,"71""",Orthodox,1996-03-01
Said Nurmagomedov,Bantamweight,14,2,0,NA,"5' 8""",135 lbs.,"70""",Orthodox,1992-04-05
Salim Touahri,Welterweight,10,3,0,Grizzly,"5' 10""",170 lbs.,"72""",Orthodox,1989-09-28
Sam Alvey,Middleweight,33,15,1,Smile'N,"6' 2""",205 lbs.,"75""",Southpaw,1986-05-06
Sam Hughes,Women's Strawweight,5,3,0,Sampage,"5' 5""",115 lbs.,"64""",Orthodox,1992-06-28
Sam Stout,Lightweight,21,12,1,Hands of Stone,"5' 9""",155 lbs.,"70""",Orthodox,1984-04-23
Santiago Ponzinibbio,Welterweight,29,4,0,Argentine Dagger,"6' 0""",170 lbs.,"73""",Orthodox,1986-09-26
Saparbek Safarov,Middleweight,9,3,0,NA,"6' 1""",185 lbs.,"78""",Orthodox,1986-10-14
Sara McMann,Women's Bantamweight,12,6,0,NA,"5' 6""",135 lbs.,"66""",Orthodox,1980-09-24
Sarah Alpar,Women's Bantamweight,9,4,0,Too Sweet,"5' 4""",135 lbs.,"63""",Southpaw,1991-06-01
Sarah Frota,Women's Flyweight,9,2,0,A Treta,"5' 6""",125 lbs.,"69""",Southpaw,1987-04-14
Sarah Moras,Women's Bantamweight,6,8,0,Cheesecake,"5' 7""",135 lbs.,"67""",Orthodox,1988-04-30
Sasha Palatnikov,Welterweight,6,3,0,NA,"6' 1""",170 lbs.,"72""",Switch,1989-03-15
Scott Holtzman,Lightweight,14,5,0,Hot Sauce,"5' 9""",155 lbs.,"69""",Orthodox,1983-09-30
Scott McAfee,Lightweight,6,0,0,The Alaskan Hammer,"5' 8""",155 lbs.,,Orthodox,1983-08-23
Sean Brady,Welterweight,14,0,0,NA,"5' 10""",170 lbs.,"72""",Orthodox,1992-11-23
Sean O'Malley,Bantamweight,14,1,0,Sugar,"5' 11""",135 lbs.,"72""",Switch,1994-10-24
Sean Pierson,Welterweight,14,6,0,The Punisher,"6' 0""",170 lbs.,"76""",Southpaw,1976-03-10
Sean Soriano,Lightweight,14,7,0,NA,"5' 9""",145 lbs.,,Orthodox,1989-10-06
Sean Strickland,Middleweight,23,3,1,Tarzan,"6' 1""",185 lbs.,"76""",Orthodox,1991-02-27
Sean Woodson,Featherweight,8,1,0,The Sniper,"6' 2""",145 lbs.,"78""",Orthodox,1992-06-07
Sergei Pavlovich,Heavyweight,14,1,0,NA,"6' 3""",257 lbs.,"84""",Southpaw,1992-05-13
Sergey Khandozhko,Welterweight,27,6,1,Honda,"6' 1""",170 lbs.,"74""",Orthodox,1992-05-19
Sergey Morozov,Bantamweight,17,4,0,NA,"5' 6""",135 lbs.,,Orthodox,1989-06-14
Sergey Spivak,Heavyweight,13,2,0,Polar Bear,"6' 3""",260 lbs.,"78""",Orthodox,1995-01-24
Sergio Moraes,Welterweight,14,7,1,The Panther,"6' 0""",170 lbs.,"72""",Orthodox,1982-07-23
Sergio Pettis,Flyweight,17,5,0,NA,"5' 6""",125 lbs.,"69""",Orthodox,1993-08-18
Seung Woo Choi,Featherweight,10,3,0,Sting,"6' 0""",145 lbs.,"74""",Orthodox,1992-11-03
Shaheen Santana,Lightweight,0,0,0,NA,"6' 1""",155 lbs.,"75""",Orthodox,1991-06-04
Shamil Abdurakhimov,Heavyweight,20,5,0,Abrek,"6' 3""",235 lbs.,"76""",Orthodox,1981-09-02
Shamil Gamzatov,Light Heavyweight,1,0,0,NA,"6' 2""",205 lbs.,"76""",Orthodox,1990-08-09
Shana Dobson,Women's Flyweight,4,5,0,Danger,"5' 6""",125 lbs.,"69""",Orthodox,1989-03-30
Shane Burgos,Featherweight,13,3,0,Hurricane,"5' 11""",145 lbs.,"75""",Orthodox,1991-03-19
Shane Young,Featherweight,13,6,0,Smokin,"5' 8""",145 lbs.,"72""",Orthodox,1993-07-31
Shanna Young,Bantamweight,0,1,0,The Shanimal,"5' 7""",135 lbs.,"65""",Orthodox,1991-02-20
Shavkat Rakhmonov,Welterweight,14,0,0,Nomad,"6' 1""",170 lbs.,"77""",Orthodox,1994-10-23
Sheldon Westcott,Welterweight,10,3,1,NA,"6' 1""",170 lbs.,"71""",Southpaw,1984-08-20
Sheymon Moraes,Featherweight,11,4,0,NA,"5' 8""",145 lbs.,"72""",Orthodox,1990-10-11
Sijara Eubanks,Women's Flyweight,8,6,0,SarJ,"5' 4""",135 lbs.,"67""",Orthodox,1985-04-27
Siyar Bahadurzada,Welterweight,24,8,1,The Great,"5' 11""",170 lbs.,"73""",Orthodox,1984-04-17
Sodiq Yusuff,Featherweight,11,2,0,Super,"5' 9""",145 lbs.,"71""",Orthodox,1993-05-19
Spike Carlyle,Featherweight,9,3,0,The Alpha Ginger,"5' 8""",145 lbs.,"71""",Switch,1993-05-06
Stefan Sekulic,Welterweight,12,4,0,NA,"6' 0""",170 lbs.,"75""",Southpaw,1992-02-12
Stefan Struve,Heavyweight,33,13,0,Skyscraper,"6' 11""",265 lbs.,"84""",Orthodox,1988-02-18
Stephanie Egger,Women's Bantamweight,5,2,0,NA,"5' 6""",135 lbs.,"68""",Orthodox,1988-08-12
Stephanie Frausto,Women's Strawweight,0,0,0,NA,"5' 2""",115 lbs.,"61""",Orthodox,1990-09-20
Stephen Thompson,Welterweight,16,5,1,Wonderboy,"6' 0""",170 lbs.,"75""",Orthodox,1983-02-11
Steve Garcia,Lightweight,0,1,0,Mean Machine,"6' 0""",155 lbs.,"75""",Southpaw,1992-05-22
Steven Peterson,Featherweight,19,9,0,Ocho,"5' 10""",145 lbs.,"70""",Orthodox,1990-05-29
Steven Ray,Lightweight,22,9,0,Braveheart,"5' 10""",155 lbs.,"70""",Southpaw,1990-03-25
Stipe Miocic,Heavyweight,20,4,0,NA,"6' 4""",240 lbs.,"80""",Orthodox,1982-08-19
Su Mudaerji,Flyweight,14,4,0,The Tibetan Eagle,,,,,
Sultan Aliev,Welterweight,14,3,0,NA,"5' 11""",170 lbs.,"74""",Orthodox,1984-09-17
Suman Mokhtarian,Featherweight,8,2,0,NA,"5' 8""",145 lbs.,"72""",Orthodox,1992-06-13
Syuri Kondo,Women's Strawweight,6,2,0,NA,"5' 4""",115 lbs.,"66""",Orthodox,1989-02-08
Tabatha Ricci,Women's Flyweight,5,1,0,Baby Shark,,,,,
Tafon Nchukwi,Middleweight,5,1,0,Da Don,"6' 0""",205 lbs.,"77""",Orthodox,1994-10-14
Tagir Ulanbekov,Flyweight,13,1,0,NA,"5' 7""",125 lbs.,"70""",Southpaw,1991-08-07
Tai Tuivasa,Heavyweight,13,3,0,BAM BAM,"6' 2""",264 lbs.,"75""",Southpaw,1993-03-16
Taila Santos,Women's Flyweight,16,1,0,NA,"5' 6""",125 lbs.,"68""",Orthodox,1993-06-22
Takashi Sato,Welterweight,16,4,0,Ten,"5' 10""",170 lbs.,"73""",Southpaw,1990-06-09
Talita Bernardo,Women's Bantamweight,6,4,0,NA,"5' 4""",135 lbs.,"68""",Orthodox,1987-03-04
Tanner Boser,Heavyweight,20,8,1,The Bulldozer,"6' 2""",255 lbs.,"75""",Orthodox,1991-08-02
Tarec Saffiedine,Welterweight,16,7,0,Sponge,"5' 10""",170 lbs.,"70""",Switch,1986-09-06
Tatiana Suarez,Women's Strawweight,9,0,0,NA,"5' 5""",115 lbs.,"66""",Southpaw,1990-12-19
Taylor Moore,Bantamweight,0,0,0,NA,"5' 10""",135 lbs.,"70""",Southpaw,1993-10-16
Te Edwards,Lightweight,6,3,0,Tango,"5' 8""",155 lbs.,"72""",Orthodox,1990-09-11
Tecia Torres,Women's Strawweight,11,5,0,Tiny Tornado,"5' 1""",115 lbs.,"60""",Orthodox,1989-08-16
Teemu Packalen,Lightweight,8,3,0,Pacu,"6' 1""",155 lbs.,"75""",Orthodox,1987-05-22
Terrance McKinney,Lightweight,11,3,0,T.Wrecks,"5' 11""",145 lbs.,"74""",Switch,1994-09-15
Terrion Ware,Bantamweight,17,8,0,Flash,"5' 8""",135 lbs.,"71""",Orthodox,1986-03-31
Teruto Ishihara,Bantamweight,11,6,2,Yashabo,"5' 7""",135 lbs.,"69""",Southpaw,1991-07-23
Thales Leites,Middleweight,27,9,0,NA,"6' 1""",185 lbs.,"78""",Orthodox,1981-09-06
Thiago Alves,Welterweight,28,15,0,Pitbull,"5' 9""",170 lbs.,"70""",Orthodox,1983-10-03
Thiago Moises,Lightweight,15,5,0,NA,"5' 9""",155 lbs.,"70""",Orthodox,1995-03-23
Thiago Santos,Light Heavyweight,21,9,0,Marreta,"6' 2""",205 lbs.,"76""",Orthodox,1984-01-07
Thibault Gouti,Lightweight,12,5,0,GT,"5' 10""",155 lbs.,"72""",Orthodox,1987-02-27
Thomas Almeida,Bantamweight,22,5,0,Thominhas,"5' 7""",145 lbs.,"70""",Southpaw,1991-07-31
Thomas Gifford,Lightweight,17,8,0,The Young Lion,"6' 1""",155 lbs.,"75""",Orthodox,1992-07-26
Tim Boetsch,Middleweight,21,13,0,The Barbarian,"6' 0""",185 lbs.,"74""",Orthodox,1981-01-28
Tim Elliott,Flyweight,18,11,1,NA,"5' 7""",125 lbs.,"66""",Southpaw,1986-12-24
Tim Kennedy,Middleweight,18,6,0,NA,"5' 11""",185 lbs.,"74""",Orthodox,1979-09-01
Tim Means,Welterweight,31,12,1,The Dirty Bird,"6' 2""",170 lbs.,"75""",Orthodox,1984-02-20
Tim Williams,Middleweight,15,5,0,NA,"6' 2""",185 lbs.,"76""",Orthodox,1986-07-03
Timur Valiev,Bantamweight,18,2,0,Lucky,"5' 6""",145 lbs.,"67""",Orthodox,1990-01-19
Tina Lahdemaki,Women's Strawweight,5,1,0,Jelly Bean,"5' 2""",115 lbs.,,Orthodox,1988-05-28
T.J. Brown,Featherweight,15,8,0,Downtown,"5' 9""",145 lbs.,"72""",Switch,1990-05-22
T.J. Dillashaw,Bantamweight,18,4,0,Killashaw,"5' 6""",125 lbs.,"67""",Orthodox,1986-02-07
T.J. Laramie,Featherweight,12,3,0,NA,"5' 6""",145 lbs.,"66""",Orthodox,1997-10-15
Todd Duffee,Heavyweight,9,3,0,NA,"6' 3""",260 lbs.,"78""",Orthodox,1985-12-06
Tom Aspinall,Heavyweight,10,2,0,NA,"6' 5""",256 lbs.,"78""",Orthodox,1993-04-11
Tom Breese,Middleweight,12,3,0,NA,"6' 3""",185 lbs.,"73""",Southpaw,1991-09-26
Tom Duquesnoy,Bantamweight,15,2,0,Fire Kid,"5' 7""",135 lbs.,"68""",Orthodox,1993-06-21
Tony Ferguson,Lightweight,26,6,0,El Cucuy,"5' 11""",155 lbs.,"76""",Orthodox,1984-02-12
Tony Gravely,Bantamweight,21,6,0,NA,"5' 5""",135 lbs.,"69""",Orthodox,1991-09-28
Tony Kelley,Bantamweight,7,2,0,Primetime,"5' 9""",135 lbs.,"70""",Switch,1987-01-21
Tonya Evinger,Women's Featherweight,19,8,0,Triple Threat,"5' 7""",135 lbs.,"70""",Orthodox,1981-06-04
Tracy Cortez,Women's Flyweight,9,1,0,NA,"5' 5""",135 lbs.,"65""",Orthodox,1993-12-10
Trevin Giles,Middleweight,14,3,0,NA,"6' 0""",185 lbs.,"74""",Orthodox,1992-08-06
Trevin Jones,Bantamweight,13,6,0,5 Star,"5' 7""",140 lbs.,"70""",Southpaw,1990-08-04
Trevor Smith,Middleweight,15,10,0,Hot Sauce,"6' 3""",185 lbs.,"75""",Orthodox,1981-01-05
Tristan Connelly,Featherweight,14,7,0,Boondock,"5' 10""",170 lbs.,"68""",Orthodox,1985-12-12
Tucker Lutz,Featherweight,12,1,0,Top Gun,"5' 8""",155 lbs.,"72""",Orthodox,1994-07-12
Tyron Woodley,Welterweight,19,7,1,The Chosen One,"5' 9""",170 lbs.,"74""",Orthodox,1982-04-07
Tyson Nam,Flyweight,20,12,1,NA,"5' 7""",125 lbs.,"68""",Orthodox,1983-10-06
Tyson Pedro,Light Heavyweight,7,2,0,NA,"6' 3""",205 lbs.,"79""",Orthodox,1991-09-17
Umar Nurmagomedov,Bantamweight,13,0,0,NA,"5' 8""",135 lbs.,,Orthodox,1996-03-01
Uriah Hall,Middleweight,18,9,0,Prime Time,"6' 0""",185 lbs.,"79""",Orthodox,1984-07-31
Urijah Faber,Bantamweight,35,11,0,The California Kid,"5' 6""",135 lbs.,"67""",Orthodox,1979-05-14
Uros Medic,Lightweight,7,0,0,The Doctor,"6' 1""",155 lbs.,"71""",Southpaw,1993-04-25
Valentina Shevchenko,Women's Flyweight,21,3,0,Bullet,"5' 5""",125 lbs.,"66""",Southpaw,1988-03-07
Vanessa Melo,Women's Bantamweight,11,8,0,NA,"5' 5""",135 lbs.,"65""",Orthodox,1988-03-27
Veronica Macedo,Women's Bantamweight,6,4,1,NA,"5' 4""",125 lbs.,"64""",Southpaw,1995-10-30
Vicente Luque,Welterweight,20,7,1,The Silent Assassin,"5' 11""",170 lbs.,"75""",Orthodox,1991-11-27
Victor Rodriguez,Flyweight,7,4,0,Vicious,"5' 5""",135 lbs.,"67""",Switch,1992-09-05
Victoria Leonardo,Women's Flyweight,8,4,0,Fury,"5' 5""",125 lbs.,"64""",Orthodox,1990-02-16
Vinc Pichel,Lightweight,13,2,0,From Hell,"5' 10""",155 lbs.,"72""",Orthodox,1982-11-23
Vince Cachero,Bantamweight,7,4,0,The Anomaly,"5' 6""",145 lbs.,"68""",Orthodox,1989-11-07
Vince Morales,Bantamweight,9,6,0,Vandetta,"5' 7""",145 lbs.,"70""",Orthodox,1990-11-12
Vince Murdock,Featherweight,12,3,0,NA,"5' 6""",145 lbs.,"64""",Orthodox,1991-03-21
Vinicius Moreira,Light Heavyweight,9,5,0,Mamute,"6' 4""",205 lbs.,"76""",Orthodox,1989-02-28
Virna Jandiroba,Women's Strawweight,17,2,0,Carcará,"5' 3""",115 lbs.,"64""",Orthodox,1988-05-30
Viviane Araujo,Women's Flyweight,10,3,0,Vivi,"5' 4""",125 lbs.,"68""",Orthodox,1986-11-21
Volkan Oezdemir,Light Heavyweight,17,5,0,No Time,"6' 2""",205 lbs.,"75""",Orthodox,1989-09-19
Walt Harris,Heavyweight,13,10,0,The Big Ticket,"6' 5""",250 lbs.,"77""",Southpaw,1983-06-10
Warlley Alves,Welterweight,15,5,0,NA,"5' 11""",170 lbs.,"72""",Orthodox,1991-01-04
Weili Zhang,Women's Strawweight,21,2,0,Magnum,"5' 4""",115 lbs.,"63""",Switch,1989-08-13
Wellington Turman,Middleweight,16,5,0,The Prodigy,"6' 0""",185 lbs.,"72""",Orthodox,1996-07-22
Wendell de Oliveira Marques,Welterweight,24,9,0,NA,"5' 10""",170 lbs.,,Orthodox,1983-06-01
Will Brooks,Lightweight,18,4,0,Ill Will,"5' 10""",155 lbs.,"72""",Orthodox,1986-10-08
William Knight,Light Heavyweight,9,2,0,Knightmare,"5' 10""",205 lbs.,"73""",Orthodox,1988-04-03
Wilson Reis,Flyweight,23,10,0,NA,"5' 4""",125 lbs.,"65""",Southpaw,1985-01-06
Wuliji Buren,Bantamweight,10,7,0,Beast Master,"5' 9""",135 lbs.,"69""",Orthodox,1989-03-01
Xiaonan Yan,Women's Strawweight,13,2,0,NA,"5' 5""",115 lbs.,"63""",Orthodox,1989-06-16
Yadong Song,Bantamweight,16,5,1,NA,"5' 8""",145 lbs.,"67""",Orthodox,1997-12-02
Yair Rodriguez,Featherweight,13,2,0,El Pantera,"5' 11""",145 lbs.,"71""",Orthodox,1992-10-06
Yana Kunitskaya,Women's Bantamweight,14,6,0,NA,"5' 6""",135 lbs.,"68""",Orthodox,1989-11-11
Yanan Wu,Women's Bantamweight,11,4,0,Mulan,"5' 8""",125 lbs.,"66""",Orthodox,1996-04-18
Yancy Medeiros,Lightweight,15,8,0,NA,"5' 10""",155 lbs.,"75""",Orthodox,1987-09-07
Yaozong Hu,Middleweight,3,2,0,Bad Boy,"6' 3""",205 lbs.,"72""",Orthodox,1995-04-07
Yoel Romero,Middleweight,13,5,0,Soldier of God,"6' 0""",185 lbs.,"73""",Southpaw,1977-04-30
Yorgan De Castro,Heavyweight,6,3,0,The Mad Titan,"6' 0""",250 lbs.,"74""",Orthodox,1986-12-19
Yoshihiro Akiyama,Welterweight,15,6,0,Sexyama,"5' 10""",170 lbs.,"75""",Orthodox,1975-07-29
Youssef Zalal,Featherweight,10,5,0,The Moroccan Devil,"5' 10""",145 lbs.,"72""",Switch,1996-09-04
Yushin Okami,Welterweight,34,13,0,Thunder,"6' 2""",170 lbs.,"75""",Southpaw,1981-07-21
Yuta Sasaki,Flyweight,20,6,2,NA,,,,,
Yves Edwards,Lightweight,42,22,1,NA,"5' 9""",155 lbs.,"73""",Southpaw,1976-09-30
Zabit Magomedsharipov,Featherweight,18,1,0,NA,"6' 1""",145 lbs.,"73""",Orthodox,1991-03-01
Zak Cummings,Middleweight,24,7,0,NA,"6' 0""",185 lbs.,"75""",Southpaw,1984-08-02
Zak Ottow,Welterweight,17,7,0,The Barbarian,"5' 11""",170 lbs.,"72""",Orthodox,1986-12-22
Zarah Fairn dos Santos,Women's Bantamweight,6,4,0,Infinite,"5' 8""",145 lbs.,"72""",Orthodox,1986-12-12
Zarrukh Adashev,Flyweight,3,3,0,The Lion,"5' 5""",125 lbs.,"65""",Southpaw,1992-07-29
Zhalgas Zhumagulov,Flyweight,14,5,0,NA,"5' 4""",125 lbs.,"66""",Switch,1988-08-29
Zhenhong Lu,Featherweight,0,0,0,Bull Demon King,"5' 8""",145 lbs.,"67""",Switch,1993-06-25
Zhu Rong,Lightweight,17,4,0,NA,,135 lbs.,,,2000-03-07
Zubaira Tukhugov,Featherweight,19,5,1,Warrior,"5' 8""",145 lbs.,"68""",Orthodox,1991-01-15
